> Task :gradle-plugin:compileKotlin UP-TO-DATE
> Task :gradle-plugin:compileJava NO-SOURCE
> Task :gradle-plugin:pluginDescriptors UP-TO-DATE
> Task :gradle-plugin:processResources UP-TO-DATE
> Task :gradle-plugin:classes UP-TO-DATE
> Task :gradle-plugin:jar UP-TO-DATE
> Task :gradle-plugin:inspectClassesForKotlinIC UP-TO-DATE
> Task :app:checkKotlinGradlePluginConfigurationErrors
> Task :app:generateCodegenSchemaFromJavaScript SKIPPED
> Task :app:generateCodegenArtifactsFromSchema SKIPPED
> Task :app:generatePackageList
> Task :app:preBuild
> Task :app:preDebugBuild
> Task :app:generateDebugBuildConfig UP-TO-DATE
> Task :lottie-react-native:preBuild UP-TO-DATE
> Task :lottie-react-native:preDebugBuild UP-TO-DATE
> Task :lottie-react-native:writeDebugAarMetadata UP-TO-DATE
> Task :react-native-gesture-handler:preBuild UP-TO-DATE
> Task :react-native-gesture-handler:preDebugBuild UP-TO-DATE
> Task :react-native-gesture-handler:writeDebugAarMetadata UP-TO-DATE
> Task :react-native-linear-gradient:preBuild UP-TO-DATE
> Task :react-native-linear-gradient:preDebugBuild UP-TO-DATE
> Task :react-native-linear-gradient:writeDebugAarMetadata UP-TO-DATE
> Task :react-native-safe-area-context:preBuild UP-TO-DATE
> Task :react-native-safe-area-context:preDebugBuild UP-TO-DATE
> Task :react-native-safe-area-context:writeDebugAarMetadata UP-TO-DATE
> Task :react-native-screens:preBuild UP-TO-DATE
> Task :react-native-screens:preDebugBuild UP-TO-DATE
> Task :react-native-screens:writeDebugAarMetadata UP-TO-DATE
> Task :react-native-svg:preBuild UP-TO-DATE
> Task :react-native-svg:preDebugBuild UP-TO-DATE
> Task :react-native-svg:writeDebugAarMetadata UP-TO-DATE
> Task :app:checkDebugAarMetadata UP-TO-DATE
> Task :app:generateDebugResValues UP-TO-DATE
> Task :lottie-react-native:generateDebugResValues UP-TO-DATE
> Task :lottie-react-native:generateDebugResources UP-TO-DATE
> Task :lottie-react-native:packageDebugResources UP-TO-DATE
> Task :react-native-gesture-handler:generateDebugResValues UP-TO-DATE
> Task :react-native-gesture-handler:generateDebugResources UP-TO-DATE
> Task :react-native-gesture-handler:packageDebugResources UP-TO-DATE
> Task :react-native-linear-gradient:generateDebugResValues UP-TO-DATE
> Task :react-native-linear-gradient:generateDebugResources UP-TO-DATE
> Task :react-native-linear-gradient:packageDebugResources UP-TO-DATE
> Task :react-native-safe-area-context:generateDebugResValues UP-TO-DATE
> Task :react-native-safe-area-context:generateDebugResources UP-TO-DATE
> Task :react-native-safe-area-context:packageDebugResources UP-TO-DATE
> Task :react-native-screens:generateDebugResValues UP-TO-DATE
> Task :react-native-screens:generateDebugResources UP-TO-DATE
> Task :react-native-screens:packageDebugResources UP-TO-DATE
> Task :react-native-svg:generateDebugResValues UP-TO-DATE
> Task :react-native-svg:generateDebugResources UP-TO-DATE
> Task :react-native-svg:packageDebugResources UP-TO-DATE
> Task :app:mapDebugSourceSetPaths UP-TO-DATE
> Task :app:generateDebugResources UP-TO-DATE
> Task :app:mergeDebugResources UP-TO-DATE
> Task :app:packageDebugResources UP-TO-DATE
> Task :app:parseDebugLocalResources UP-TO-DATE
> Task :app:createDebugCompatibleScreenManifests UP-TO-DATE
> Task :app:extractDeepLinksDebug UP-TO-DATE
> Task :lottie-react-native:extractDeepLinksDebug UP-TO-DATE
> Task :lottie-react-native:processDebugManifest UP-TO-DATE
> Task :react-native-gesture-handler:extractDeepLinksDebug UP-TO-DATE
> Task :react-native-gesture-handler:processDebugManifest UP-TO-DATE
> Task :react-native-linear-gradient:extractDeepLinksDebug UP-TO-DATE
> Task :react-native-linear-gradient:processDebugManifest UP-TO-DATE
> Task :react-native-safe-area-context:extractDeepLinksDebug UP-TO-DATE
> Task :react-native-safe-area-context:processDebugManifest UP-TO-DATE
> Task :react-native-screens:extractDeepLinksDebug UP-TO-DATE
> Task :react-native-screens:processDebugManifest UP-TO-DATE
> Task :react-native-svg:extractDeepLinksDebug UP-TO-DATE
> Task :react-native-svg:processDebugManifest UP-TO-DATE
> Task :app:processDebugMainManifest UP-TO-DATE
> Task :app:processDebugManifest UP-TO-DATE
> Task :app:processDebugManifestForPackage UP-TO-DATE
> Task :lottie-react-native:compileDebugLibraryResources UP-TO-DATE
> Task :lottie-react-native:parseDebugLocalResources UP-TO-DATE
> Task :lottie-react-native:generateDebugRFile UP-TO-DATE
> Task :react-native-gesture-handler:compileDebugLibraryResources UP-TO-DATE
> Task :react-native-gesture-handler:parseDebugLocalResources UP-TO-DATE
> Task :react-native-gesture-handler:generateDebugRFile UP-TO-DATE
> Task :react-native-linear-gradient:compileDebugLibraryResources UP-TO-DATE
> Task :react-native-linear-gradient:parseDebugLocalResources UP-TO-DATE
> Task :react-native-linear-gradient:generateDebugRFile UP-TO-DATE
> Task :react-native-safe-area-context:compileDebugLibraryResources UP-TO-DATE
> Task :react-native-safe-area-context:parseDebugLocalResources UP-TO-DATE
> Task :react-native-safe-area-context:generateDebugRFile UP-TO-DATE
> Task :react-native-screens:compileDebugLibraryResources UP-TO-DATE
> Task :react-native-screens:parseDebugLocalResources UP-TO-DATE
> Task :react-native-screens:generateDebugRFile UP-TO-DATE
> Task :react-native-svg:compileDebugLibraryResources UP-TO-DATE
> Task :react-native-svg:parseDebugLocalResources UP-TO-DATE
> Task :react-native-svg:generateDebugRFile UP-TO-DATE
> Task :app:processDebugResources UP-TO-DATE
> Task :lottie-react-native:checkKotlinGradlePluginConfigurationErrors
> Task :lottie-react-native:generateDebugBuildConfig UP-TO-DATE
> Task :lottie-react-native:javaPreCompileDebug UP-TO-DATE
> Task :react-native-gesture-handler:checkKotlinGradlePluginConfigurationErrors
> Task :react-native-gesture-handler:generateDebugBuildConfig UP-TO-DATE
> Task :react-native-svg:generateDebugBuildConfig UP-TO-DATE
> Task :react-native-svg:javaPreCompileDebug UP-TO-DATE
> Task :react-native-svg:compileDebugJavaWithJavac UP-TO-DATE
> Task :react-native-svg:bundleLibCompileToJarDebug UP-TO-DATE
> Task :react-native-gesture-handler:javaPreCompileDebug UP-TO-DATE
> Task :react-native-linear-gradient:generateDebugBuildConfig UP-TO-DATE
> Task :react-native-linear-gradient:javaPreCompileDebug UP-TO-DATE
> Task :react-native-linear-gradient:compileDebugJavaWithJavac UP-TO-DATE
> Task :react-native-linear-gradient:bundleLibCompileToJarDebug UP-TO-DATE
> Task :react-native-safe-area-context:checkKotlinGradlePluginConfigurationErrors
> Task :react-native-safe-area-context:generateDebugBuildConfig UP-TO-DATE
> Task :react-native-safe-area-context:javaPreCompileDebug UP-TO-DATE
> Task :react-native-screens:checkKotlinGradlePluginConfigurationErrors
> Task :react-native-screens:generateDebugBuildConfig UP-TO-DATE
> Task :react-native-screens:javaPreCompileDebug

> Task :lottie-react-native:compileDebugKotlin FAILED
e: file:///D:/Code/rnArViro/node_modules/lottie-react-native/android/src/main/java/com/airbnb/android/react/lottie/LottieAnimationViewPropertyManager.kt:23:49 Unresolved reference: UNSET
e: file:///D:/Code/rnArViro/node_modules/lottie-react-native/android/src/main/java/com/airbnb/android/react/lottie/LottieAnimationViewPropertyManager.kt:77:46 Unresolved reference: UNSET
e: file:///D:/Code/rnArViro/node_modules/lottie-react-native/android/src/main/java/com/airbnb/android/react/lottie/LottieAnimationViewPropertyManager.kt:77:53 Unresolved reference: UNSET
e: file:///D:/Code/rnArViro/node_modules/lottie-react-native/android/src/main/java/com/airbnb/android/react/lottie/LottieAnimationViewPropertyManager.kt:88:29 Unresolved reference: UNSET
e: file:///D:/Code/rnArViro/node_modules/lottie-react-native/android/src/main/java/com/airbnb/android/react/lottie/LottieAnimationViewPropertyManager.kt:91:44 Unresolved reference: UNSET

> Task :react-native-safe-area-context:compileDebugKotlin
e: file:///D:/Code/rnArViro/node_modules/react-native-safe-area-context/android/src/main/java/com/th3rdwave/safeareacontext/SafeAreaContextPackage.kt:3:27 Unresolved reference: BaseReactPackage
e: file:///D:/Code/rnArViro/node_modules/react-native-safe-area-context/android/src/main/java/com/th3rdwave/safeareacontext/SafeAreaContextPackage.kt:13:32 Unresolved reference: BaseReactPackage
e: file:///D:/Code/rnArViro/node_modules/react-native-safe-area-context/android/src/main/java/com/th3rdwave/safeareacontext/SafeAreaContextPackage.kt:14:3 'getModule' overrides nothing
e: file:///D:/Code/rnArViro/node_modules/react-native-safe-area-context/android/src/main/java/com/th3rdwave/safeareacontext/SafeAreaContextPackage.kt:21:3 'getReactModuleInfoProvider' overrides nothing
e: file:///D:/Code/rnArViro/node_modules/react-native-safe-area-context/android/src/main/java/com/th3rdwave/safeareacontext/SafeAreaContextPackage.kt:38:3 'createViewManagers' overrides nothing

> Task :react-native-safe-area-context:compileDebugKotlin FAILED

> Task :react-native-gesture-handler:compileDebugKotlin FAILED
e: Supertypes of the following classes cannot be resolved. Please make sure you have the required dependencies in the classpath:
    class com.facebook.react.viewmanagers.RNGestureHandlerButtonManagerInterface, unresolved supertypes: ViewManagerWithGeneratedInterface
    class com.facebook.react.viewmanagers.RNGestureHandlerRootViewManagerInterface, unresolved supertypes: ViewManagerWithGeneratedInterface
Adding -Xextended-compiler-checks argument might provide additional information.

e: file:///D:/Code/rnArViro/node_modules/react-native-gesture-handler/android/src/main/java/com/swmansion/gesturehandler/RNGestureHandlerPackage.kt:3:27 Unresolved reference: BaseReactPackage
e: file:///D:/Code/rnArViro/node_modules/react-native-gesture-handler/android/src/main/java/com/swmansion/gesturehandler/RNGestureHandlerPackage.kt:23:3 Unresolved reference: BaseReactPackage
e: file:///D:/Code/rnArViro/node_modules/react-native-gesture-handler/android/src/main/java/com/swmansion/gesturehandler/RNGestureHandlerPackage.kt:36:3 'createViewManagers' overrides nothing
e: file:///D:/Code/rnArViro/node_modules/react-native-gesture-handler/android/src/main/java/com/swmansion/gesturehandler/RNGestureHandlerPackage.kt:41:3 'getViewManagers' overrides nothing
e: file:///D:/Code/rnArViro/node_modules/react-native-gesture-handler/android/src/main/java/com/swmansion/gesturehandler/RNGestureHandlerPackage.kt:47:3 'getModule' overrides nothing
e: file:///D:/Code/rnArViro/node_modules/react-native-gesture-handler/android/src/main/java/com/swmansion/gesturehandler/RNGestureHandlerPackage.kt:54:3 'getReactModuleInfoProvider' overrides nothing
e: file:///D:/Code/rnArViro/node_modules/react-native-gesture-handler/android/src/main/java/com/swmansion/gesturehandler/react/RNGestureHandlerButtonViewManager.kt:40:1 Cannot access 'ViewManagerWithGeneratedInterface' which is a supertype of 'com.swmansion.gesturehandler.react.RNGestureHandlerButtonViewManager'. Check your module classpath for missing or conflicting dependencies
e: file:///D:/Code/rnArViro/node_modules/react-native-gesture-handler/android/src/main/java/com/swmansion/gesturehandler/react/RNGestureHandlerButtonViewManager.kt:47:5 Cannot access 'ViewManagerWithGeneratedInterface' which is a supertype of 'com.swmansion.gesturehandler.react.RNGestureHandlerButtonViewManager'. Check your module classpath for missing or conflicting dependencies
e: file:///D:/Code/rnArViro/node_modules/react-native-gesture-handler/android/src/main/java/com/swmansion/gesturehandler/react/RNGestureHandlerButtonViewManager.kt:47:107 Cannot access 'ViewManagerWithGeneratedInterface' which is a supertype of 'com.swmansion.gesturehandler.react.RNGestureHandlerButtonViewManager'. Check your module classpath for missing or conflicting dependencies
e: file:///D:/Code/rnArViro/node_modules/react-native-gesture-handler/android/src/main/java/com/swmansion/gesturehandler/react/RNGestureHandlerButtonViewManager.kt:136:5 Cannot access 'ViewManagerWithGeneratedInterface' which is a supertype of 'com.swmansion.gesturehandler.react.RNGestureHandlerButtonViewManager'. Check your module classpath for missing or conflicting dependencies
e: file:///D:/Code/rnArViro/node_modules/react-native-gesture-handler/android/src/main/java/com/swmansion/gesturehandler/react/RNGestureHandlerButtonViewManager.kt:141:71 Cannot access 'ViewManagerWithGeneratedInterface' which is a supertype of 'com.swmansion.gesturehandler.react.RNGestureHandlerButtonViewManager'. Check your module classpath for missing or conflicting dependencies
e: file:///D:/Code/rnArViro/node_modules/react-native-gesture-handler/android/src/main/java/com/swmansion/gesturehandler/react/RNGestureHandlerRootViewManager.kt:15:1 Cannot access 'ViewManagerWithGeneratedInterface' which is a supertype of 'com.swmansion.gesturehandler.react.RNGestureHandlerRootViewManager'. Check your module classpath for missing or conflicting dependencies
e: file:///D:/Code/rnArViro/node_modules/react-native-gesture-handler/android/src/main/java/com/swmansion/gesturehandler/react/RNGestureHandlerRootViewManager.kt:22:5 Cannot access 'ViewManagerWithGeneratedInterface' which is a supertype of 'com.swmansion.gesturehandler.react.RNGestureHandlerRootViewManager'. Check your module classpath for missing or conflicting dependencies
e: file:///D:/Code/rnArViro/node_modules/react-native-gesture-handler/android/src/main/java/com/swmansion/gesturehandler/react/RNGestureHandlerRootViewManager.kt:22:116 Cannot access 'ViewManagerWithGeneratedInterface' which is a supertype of 'com.swmansion.gesturehandler.react.RNGestureHandlerRootViewManager'. Check your module classpath for missing or conflicting dependencies
e: file:///D:/Code/rnArViro/node_modules/react-native-gesture-handler/android/src/main/java/com/swmansion/gesturehandler/react/RNGestureHandlerRootViewManager.kt:25:79 Cannot access 'ViewManagerWithGeneratedInterface' which is a supertype of 'com.swmansion.gesturehandler.react.RNGestureHandlerRootViewManager'. Check your module classpath for missing or conflicting dependencies

> Task :react-native-screens:compileDebugKotlin FAILED
e: file:///D:/Code/rnArViro/node_modules/react-native-screens/android/src/main/java/com/swmansion/rnscreens/CustomToolbar.kt:78:25 Type mismatch: inferred type is android.view.Choreographer.FrameCallback but com.facebook.react.modules.core.ChoreographerCompat.FrameCallback! was expected
e: file:///D:/Code/rnArViro/node_modules/react-native-screens/android/src/main/java/com/swmansion/rnscreens/RNScreensPackage.kt:3:27 Unresolved reference: BaseReactPackage
e: file:///D:/Code/rnArViro/node_modules/react-native-screens/android/src/main/java/com/swmansion/rnscreens/RNScreensPackage.kt:21:26 Unresolved reference: BaseReactPackage
e: file:///D:/Code/rnArViro/node_modules/react-native-screens/android/src/main/java/com/swmansion/rnscreens/RNScreensPackage.kt:26:5 'createViewManagers' overrides nothing
e: file:///D:/Code/rnArViro/node_modules/react-native-screens/android/src/main/java/com/swmansion/rnscreens/RNScreensPackage.kt:55:5 'getModule' overrides nothing
e: file:///D:/Code/rnArViro/node_modules/react-native-screens/android/src/main/java/com/swmansion/rnscreens/RNScreensPackage.kt:65:5 'getReactModuleInfoProvider' overrides nothing
e: file:///D:/Code/rnArViro/node_modules/react-native-screens/android/src/main/java/com/swmansion/rnscreens/ScreenContainer.kt:87:21 Type mismatch: inferred type is android.view.Choreographer.FrameCallback but com.facebook.react.modules.core.ChoreographerCompat.FrameCallback! was expected
e: file:///D:/Code/rnArViro/node_modules/react-native-screens/android/src/main/java/com/swmansion/rnscreens/gamma/tabs/TabsHost.kt:340:21 Type mismatch: inferred type is android.view.Choreographer.FrameCallback but com.facebook.react.modules.core.ChoreographerCompat.FrameCallback! was expected

FAILURE: Build completed with 4 failures.

1: Task failed with an exception.
-----------
* What went wrong:
Execution failed for task ':lottie-react-native:compileDebugKotlin'.
> A failure occurred while executing org.jetbrains.kotlin.compilerRunner.GradleCompilerRunnerWithWorkers$GradleKotlinCompilerWorkAction
   > Compilation error. See log for more details

* Try:
> Run with --info or --debug option to get more log output.
> Run with --scan to get full insights.
> Get more help at https://help.gradle.org.

* Exception is:
org.gradle.api.tasks.TaskExecutionException: Execution failed for task ':lottie-react-native:compileDebugKotlin'.
	at org.gradle.api.internal.tasks.execution.ExecuteActionsTaskExecuter.lambda$executeIfValid$1(ExecuteActionsTaskExecuter.java:130)
	at org.gradle.internal.Try$Failure.ifSuccessfulOrElse(Try.java:282)
	at org.gradle.api.internal.tasks.execution.ExecuteActionsTaskExecuter.executeIfValid(ExecuteActionsTaskExecuter.java:128)
	at org.gradle.api.internal.tasks.execution.ExecuteActionsTaskExecuter.execute(ExecuteActionsTaskExecuter.java:116)
	at org.gradle.api.internal.tasks.execution.FinalizePropertiesTaskExecuter.execute(FinalizePropertiesTaskExecuter.java:46)
	at org.gradle.api.internal.tasks.execution.ResolveTaskExecutionModeExecuter.execute(ResolveTaskExecutionModeExecuter.java:51)
	at org.gradle.api.internal.tasks.execution.SkipTaskWithNoActionsExecuter.execute(SkipTaskWithNoActionsExecuter.java:57)
	at org.gradle.api.internal.tasks.execution.SkipOnlyIfTaskExecuter.execute(SkipOnlyIfTaskExecuter.java:74)
	at org.gradle.api.internal.tasks.execution.CatchExceptionTaskExecuter.execute(CatchExceptionTaskExecuter.java:36)
	at org.gradle.api.internal.tasks.execution.EventFiringTaskExecuter$1.executeTask(EventFiringTaskExecuter.java:77)
	at org.gradle.api.internal.tasks.execution.EventFiringTaskExecuter$1.call(EventFiringTaskExecuter.java:55)
	at org.gradle.api.internal.tasks.execution.EventFiringTaskExecuter$1.call(EventFiringTaskExecuter.java:52)
	at org.gradle.internal.operations.DefaultBuildOperationRunner$CallableBuildOperationWorker.execute(DefaultBuildOperationRunner.java:200)
	at org.gradle.internal.operations.DefaultBuildOperationRunner$CallableBuildOperationWorker.execute(DefaultBuildOperationRunner.java:195)
	at org.gradle.internal.operations.DefaultBuildOperationRunner$2.execute(DefaultBuildOperationRunner.java:66)
	at org.gradle.internal.operations.DefaultBuildOperationRunner$2.execute(DefaultBuildOperationRunner.java:59)
	at org.gradle.internal.operations.DefaultBuildOperationRunner.execute(DefaultBuildOperationRunner.java:157)
	at org.gradle.internal.operations.DefaultBuildOperationRunner.execute(DefaultBuildOperationRunner.java:59)
	at org.gradle.internal.operations.DefaultBuildOperationRunner.call(DefaultBuildOperationRunner.java:53)
	at org.gradle.internal.operations.DefaultBuildOperationExecutor.call(DefaultBuildOperationExecutor.java:73)
	at org.gradle.api.internal.tasks.execution.EventFiringTaskExecuter.execute(EventFiringTaskExecuter.java:52)
	at org.gradle.execution.plan.LocalTaskNodeExecutor.execute(LocalTaskNodeExecutor.java:42)
	at org.gradle.execution.taskgraph.DefaultTaskExecutionGraph$InvokeNodeExecutorsAction.execute(DefaultTaskExecutionGraph.java:331)
	at org.gradle.execution.taskgraph.DefaultTaskExecutionGraph$InvokeNodeExecutorsAction.execute(DefaultTaskExecutionGraph.java:318)
	at org.gradle.execution.taskgraph.DefaultTaskExecutionGraph$BuildOperationAwareExecutionAction.lambda$execute$0(DefaultTaskExecutionGraph.java:314)
	at org.gradle.internal.operations.CurrentBuildOperationRef.with(CurrentBuildOperationRef.java:80)
	at org.gradle.execution.taskgraph.DefaultTaskExecutionGraph$BuildOperationAwareExecutionAction.execute(DefaultTaskExecutionGraph.java:314)
	at org.gradle.execution.taskgraph.DefaultTaskExecutionGraph$BuildOperationAwareExecutionAction.execute(DefaultTaskExecutionGraph.java:303)
	at org.gradle.execution.plan.DefaultPlanExecutor$ExecutorWorker.execute(DefaultPlanExecutor.java:463)
	at org.gradle.execution.plan.DefaultPlanExecutor$ExecutorWorker.run(DefaultPlanExecutor.java:380)
	at org.gradle.internal.concurrent.ExecutorPolicy$CatchAndRecordFailures.onExecute(ExecutorPolicy.java:64)
	at org.gradle.internal.concurrent.AbstractManagedExecutor$1.run(AbstractManagedExecutor.java:47)
Caused by: org.gradle.workers.internal.DefaultWorkerExecutor$WorkExecutionException: A failure occurred while executing org.jetbrains.kotlin.compilerRunner.GradleCompilerRunnerWithWorkers$GradleKotlinCompilerWorkAction
	at org.gradle.workers.internal.DefaultWorkerExecutor$WorkItemExecution.waitForCompletion(DefaultWorkerExecutor.java:287)
	at org.gradle.internal.work.DefaultAsyncWorkTracker.lambda$waitForItemsAndGatherFailures$2(DefaultAsyncWorkTracker.java:130)
	at org.gradle.internal.Factories$1.create(Factories.java:31)
	at org.gradle.internal.work.DefaultWorkerLeaseService.withoutLocks(DefaultWorkerLeaseService.java:336)
	at org.gradle.internal.work.DefaultWorkerLeaseService.withoutLocks(DefaultWorkerLeaseService.java:319)
	at org.gradle.internal.work.DefaultWorkerLeaseService.withoutLock(DefaultWorkerLeaseService.java:324)
	at org.gradle.internal.work.DefaultAsyncWorkTracker.waitForItemsAndGatherFailures(DefaultAsyncWorkTracker.java:126)
	at org.gradle.internal.work.DefaultAsyncWorkTracker.waitForItemsAndGatherFailures(DefaultAsyncWorkTracker.java:92)
	at org.gradle.internal.work.DefaultAsyncWorkTracker.waitForAll(DefaultAsyncWorkTracker.java:78)
	at org.gradle.internal.work.DefaultAsyncWorkTracker.waitForCompletion(DefaultAsyncWorkTracker.java:66)
	at org.gradle.api.internal.tasks.execution.TaskExecution$3.run(TaskExecution.java:252)
	at org.gradle.internal.operations.DefaultBuildOperationRunner$1.execute(DefaultBuildOperationRunner.java:29)
	at org.gradle.internal.operations.DefaultBuildOperationRunner$1.execute(DefaultBuildOperationRunner.java:26)
	at org.gradle.internal.operations.DefaultBuildOperationRunner$2.execute(DefaultBuildOperationRunner.java:66)
	at org.gradle.internal.operations.DefaultBuildOperationRunner$2.execute(DefaultBuildOperationRunner.java:59)
	at org.gradle.internal.operations.DefaultBuildOperationRunner.execute(DefaultBuildOperationRunner.java:157)
	at org.gradle.internal.operations.DefaultBuildOperationRunner.execute(DefaultBuildOperationRunner.java:59)
	at org.gradle.internal.operations.DefaultBuildOperationRunner.run(DefaultBuildOperationRunner.java:47)
	at org.gradle.internal.operations.DefaultBuildOperationExecutor.run(DefaultBuildOperationExecutor.java:68)
	at org.gradle.api.internal.tasks.execution.TaskExecution.executeAction(TaskExecution.java:229)
	at org.gradle.api.internal.tasks.execution.TaskExecution.executeActions(TaskExecution.java:212)
	at org.gradle.api.internal.tasks.execution.TaskExecution.executeWithPreviousOutputFiles(TaskExecution.java:195)
	at org.gradle.api.internal.tasks.execution.TaskExecution.execute(TaskExecution.java:162)
	at org.gradle.internal.execution.steps.ExecuteStep.executeInternal(ExecuteStep.java:105)
	at org.gradle.internal.execution.steps.ExecuteStep.access$000(ExecuteStep.java:44)
	at org.gradle.internal.execution.steps.ExecuteStep$1.call(ExecuteStep.java:59)
	at org.gradle.internal.execution.steps.ExecuteStep$1.call(ExecuteStep.java:56)
	at org.gradle.internal.operations.DefaultBuildOperationRunner$CallableBuildOperationWorker.execute(DefaultBuildOperationRunner.java:200)
	at org.gradle.internal.operations.DefaultBuildOperationRunner$CallableBuildOperationWorker.execute(DefaultBuildOperationRunner.java:195)
	at org.gradle.internal.operations.DefaultBuildOperationRunner$2.execute(DefaultBuildOperationRunner.java:66)
	at org.gradle.internal.operations.DefaultBuildOperationRunner$2.execute(DefaultBuildOperationRunner.java:59)
	at org.gradle.internal.operations.DefaultBuildOperationRunner.execute(DefaultBuildOperationRunner.java:157)
	at org.gradle.internal.operations.DefaultBuildOperationRunner.execute(DefaultBuildOperationRunner.java:59)
	at org.gradle.internal.operations.DefaultBuildOperationRunner.call(DefaultBuildOperationRunner.java:53)
	at org.gradle.internal.operations.DefaultBuildOperationExecutor.call(DefaultBuildOperationExecutor.java:73)
	at org.gradle.internal.execution.steps.ExecuteStep.execute(ExecuteStep.java:56)
	at org.gradle.internal.execution.steps.ExecuteStep.execute(ExecuteStep.java:44)
	at org.gradle.internal.execution.steps.CancelExecutionStep.execute(CancelExecutionStep.java:41)
	at org.gradle.internal.execution.steps.TimeoutStep.executeWithoutTimeout(TimeoutStep.java:74)
	at org.gradle.internal.execution.steps.TimeoutStep.execute(TimeoutStep.java:55)
	at org.gradle.internal.execution.steps.PreCreateOutputParentsStep.execute(PreCreateOutputParentsStep.java:50)
	at org.gradle.internal.execution.steps.PreCreateOutputParentsStep.execute(PreCreateOutputParentsStep.java:28)
	at org.gradle.internal.execution.steps.RemovePreviousOutputsStep.execute(RemovePreviousOutputsStep.java:67)
	at org.gradle.internal.execution.steps.RemovePreviousOutputsStep.execute(RemovePreviousOutputsStep.java:37)
	at org.gradle.internal.execution.steps.BroadcastChangingOutputsStep.execute(BroadcastChangingOutputsStep.java:61)
	at org.gradle.internal.execution.steps.BroadcastChangingOutputsStep.execute(BroadcastChangingOutputsStep.java:26)
	at org.gradle.internal.execution.steps.CaptureOutputsAfterExecutionStep.execute(CaptureOutputsAfterExecutionStep.java:67)
	at org.gradle.internal.execution.steps.CaptureOutputsAfterExecutionStep.execute(CaptureOutputsAfterExecutionStep.java:45)
	at org.gradle.internal.execution.steps.ResolveInputChangesStep.execute(ResolveInputChangesStep.java:40)
	at org.gradle.internal.execution.steps.ResolveInputChangesStep.execute(ResolveInputChangesStep.java:29)
	at org.gradle.internal.execution.steps.BuildCacheStep.executeWithoutCache(BuildCacheStep.java:189)
	at org.gradle.internal.execution.steps.BuildCacheStep.lambda$execute$1(BuildCacheStep.java:75)
	at org.gradle.internal.Either$Right.fold(Either.java:175)
	at org.gradle.internal.execution.caching.CachingState.fold(CachingState.java:62)
	at org.gradle.internal.execution.steps.BuildCacheStep.execute(BuildCacheStep.java:73)
	at org.gradle.internal.execution.steps.BuildCacheStep.execute(BuildCacheStep.java:48)
	at org.gradle.internal.execution.steps.StoreExecutionStateStep.execute(StoreExecutionStateStep.java:46)
	at org.gradle.internal.execution.steps.StoreExecutionStateStep.execute(StoreExecutionStateStep.java:35)
	at org.gradle.internal.execution.steps.SkipUpToDateStep.executeBecause(SkipUpToDateStep.java:76)
	at org.gradle.internal.execution.steps.SkipUpToDateStep.lambda$execute$2(SkipUpToDateStep.java:54)
	at org.gradle.internal.execution.steps.SkipUpToDateStep.execute(SkipUpToDateStep.java:54)
	at org.gradle.internal.execution.steps.SkipUpToDateStep.execute(SkipUpToDateStep.java:36)
	at org.gradle.internal.execution.steps.legacy.MarkSnapshottingInputsFinishedStep.execute(MarkSnapshottingInputsFinishedStep.java:37)
	at org.gradle.internal.execution.steps.legacy.MarkSnapshottingInputsFinishedStep.execute(MarkSnapshottingInputsFinishedStep.java:27)
	at org.gradle.internal.execution.steps.ResolveIncrementalCachingStateStep.executeDelegate(ResolveIncrementalCachingStateStep.java:49)
	at org.gradle.internal.execution.steps.ResolveIncrementalCachingStateStep.executeDelegate(ResolveIncrementalCachingStateStep.java:27)
	at org.gradle.internal.execution.steps.AbstractResolveCachingStateStep.execute(AbstractResolveCachingStateStep.java:71)
	at org.gradle.internal.execution.steps.AbstractResolveCachingStateStep.execute(AbstractResolveCachingStateStep.java:39)
	at org.gradle.internal.execution.steps.ResolveChangesStep.execute(ResolveChangesStep.java:65)
	at org.gradle.internal.execution.steps.ResolveChangesStep.execute(ResolveChangesStep.java:36)
	at org.gradle.internal.execution.steps.ValidateStep.execute(ValidateStep.java:106)
	at org.gradle.internal.execution.steps.ValidateStep.execute(ValidateStep.java:55)
	at org.gradle.internal.execution.steps.AbstractCaptureStateBeforeExecutionStep.execute(AbstractCaptureStateBeforeExecutionStep.java:64)
	at org.gradle.internal.execution.steps.AbstractCaptureStateBeforeExecutionStep.execute(AbstractCaptureStateBeforeExecutionStep.java:43)
	at org.gradle.internal.execution.steps.AbstractSkipEmptyWorkStep.executeWithNonEmptySources(AbstractSkipEmptyWorkStep.java:125)
	at org.gradle.internal.execution.steps.AbstractSkipEmptyWorkStep.execute(AbstractSkipEmptyWorkStep.java:61)
	at org.gradle.internal.execution.steps.AbstractSkipEmptyWorkStep.execute(AbstractSkipEmptyWorkStep.java:36)
	at org.gradle.internal.execution.steps.legacy.MarkSnapshottingInputsStartedStep.execute(MarkSnapshottingInputsStartedStep.java:38)
	at org.gradle.internal.execution.steps.LoadPreviousExecutionStateStep.execute(LoadPreviousExecutionStateStep.java:36)
	at org.gradle.internal.execution.steps.LoadPreviousExecutionStateStep.execute(LoadPreviousExecutionStateStep.java:23)
	at org.gradle.internal.execution.steps.HandleStaleOutputsStep.execute(HandleStaleOutputsStep.java:75)
	at org.gradle.internal.execution.steps.HandleStaleOutputsStep.execute(HandleStaleOutputsStep.java:41)
	at org.gradle.internal.execution.steps.AssignMutableWorkspaceStep.lambda$execute$0(AssignMutableWorkspaceStep.java:35)
	at org.gradle.api.internal.tasks.execution.TaskExecution$4.withWorkspace(TaskExecution.java:289)
	at org.gradle.internal.execution.steps.AssignMutableWorkspaceStep.execute(AssignMutableWorkspaceStep.java:31)
	at org.gradle.internal.execution.steps.AssignMutableWorkspaceStep.execute(AssignMutableWorkspaceStep.java:22)
	at org.gradle.internal.execution.steps.ChoosePipelineStep.execute(ChoosePipelineStep.java:40)
	at org.gradle.internal.execution.steps.ChoosePipelineStep.execute(ChoosePipelineStep.java:23)
	at org.gradle.internal.execution.steps.ExecuteWorkBuildOperationFiringStep.lambda$execute$2(ExecuteWorkBuildOperationFiringStep.java:67)
	at org.gradle.internal.execution.steps.ExecuteWorkBuildOperationFiringStep.execute(ExecuteWorkBuildOperationFiringStep.java:67)
	at org.gradle.internal.execution.steps.ExecuteWorkBuildOperationFiringStep.execute(ExecuteWorkBuildOperationFiringStep.java:39)
	at org.gradle.internal.execution.steps.IdentityCacheStep.execute(IdentityCacheStep.java:46)
	at org.gradle.internal.execution.steps.IdentityCacheStep.execute(IdentityCacheStep.java:34)
	at org.gradle.internal.execution.steps.IdentifyStep.execute(IdentifyStep.java:48)
	at org.gradle.internal.execution.steps.IdentifyStep.execute(IdentifyStep.java:35)
	at org.gradle.internal.execution.impl.DefaultExecutionEngine$1.execute(DefaultExecutionEngine.java:61)
	at org.gradle.api.internal.tasks.execution.ExecuteActionsTaskExecuter.executeIfValid(ExecuteActionsTaskExecuter.java:127)
	at org.gradle.api.internal.tasks.execution.ExecuteActionsTaskExecuter.execute(ExecuteActionsTaskExecuter.java:116)
	at org.gradle.api.internal.tasks.execution.FinalizePropertiesTaskExecuter.execute(FinalizePropertiesTaskExecuter.java:46)
	at org.gradle.api.internal.tasks.execution.ResolveTaskExecutionModeExecuter.execute(ResolveTaskExecutionModeExecuter.java:51)
	at org.gradle.api.internal.tasks.execution.SkipTaskWithNoActionsExecuter.execute(SkipTaskWithNoActionsExecuter.java:57)
	at org.gradle.api.internal.tasks.execution.SkipOnlyIfTaskExecuter.execute(SkipOnlyIfTaskExecuter.java:74)
	at org.gradle.api.internal.tasks.execution.CatchExceptionTaskExecuter.execute(CatchExceptionTaskExecuter.java:36)
	at org.gradle.api.internal.tasks.execution.EventFiringTaskExecuter$1.executeTask(EventFiringTaskExecuter.java:77)
	at org.gradle.api.internal.tasks.execution.EventFiringTaskExecuter$1.call(EventFiringTaskExecuter.java:55)
	at org.gradle.api.internal.tasks.execution.EventFiringTaskExecuter$1.call(EventFiringTaskExecuter.java:52)
	at org.gradle.internal.operations.DefaultBuildOperationRunner$CallableBuildOperationWorker.execute(DefaultBuildOperationRunner.java:200)
	at org.gradle.internal.operations.DefaultBuildOperationRunner$CallableBuildOperationWorker.execute(DefaultBuildOperationRunner.java:195)
	at org.gradle.internal.operations.DefaultBuildOperationRunner$2.execute(DefaultBuildOperationRunner.java:66)
	at org.gradle.internal.operations.DefaultBuildOperationRunner$2.execute(DefaultBuildOperationRunner.java:59)
	at org.gradle.internal.operations.DefaultBuildOperationRunner.execute(DefaultBuildOperationRunner.java:157)
	at org.gradle.internal.operations.DefaultBuildOperationRunner.execute(DefaultBuildOperationRunner.java:59)
	at org.gradle.internal.operations.DefaultBuildOperationRunner.call(DefaultBuildOperationRunner.java:53)
	at org.gradle.internal.operations.DefaultBuildOperationExecutor.call(DefaultBuildOperationExecutor.java:73)
	at org.gradle.api.internal.tasks.execution.EventFiringTaskExecuter.execute(EventFiringTaskExecuter.java:52)
	at org.gradle.execution.plan.LocalTaskNodeExecutor.execute(LocalTaskNodeExecutor.java:42)
	at org.gradle.execution.taskgraph.DefaultTaskExecutionGraph$InvokeNodeExecutorsAction.execute(DefaultTaskExecutionGraph.java:331)
	at org.gradle.execution.taskgraph.DefaultTaskExecutionGraph$InvokeNodeExecutorsAction.execute(DefaultTaskExecutionGraph.java:318)
	at org.gradle.execution.taskgraph.DefaultTaskExecutionGraph$BuildOperationAwareExecutionAction.lambda$execute$0(DefaultTaskExecutionGraph.java:314)
	at org.gradle.internal.operations.CurrentBuildOperationRef.with(CurrentBuildOperationRef.java:80)
	at org.gradle.execution.taskgraph.DefaultTaskExecutionGraph$BuildOperationAwareExecutionAction.execute(DefaultTaskExecutionGraph.java:314)
	at org.gradle.execution.taskgraph.DefaultTaskExecutionGraph$BuildOperationAwareExecutionAction.execute(DefaultTaskExecutionGraph.java:303)
	at org.gradle.execution.plan.DefaultPlanExecutor$ExecutorWorker.execute(DefaultPlanExecutor.java:463)
	at org.gradle.execution.plan.DefaultPlanExecutor$ExecutorWorker.run(DefaultPlanExecutor.java:380)
	at org.gradle.internal.concurrent.ExecutorPolicy$CatchAndRecordFailures.onExecute(ExecutorPolicy.java:64)
	at org.gradle.internal.concurrent.AbstractManagedExecutor$1.run(AbstractManagedExecutor.java:47)
Caused by: org.jetbrains.kotlin.gradle.tasks.CompilationErrorException: Compilation error. See log for more details
	at org.jetbrains.kotlin.gradle.tasks.TasksUtilsKt.throwExceptionIfCompilationFailed(tasksUtils.kt:20)
	at org.jetbrains.kotlin.compilerRunner.GradleKotlinCompilerWork.run(GradleKotlinCompilerWork.kt:141)
	at org.jetbrains.kotlin.compilerRunner.GradleCompilerRunnerWithWorkers$GradleKotlinCompilerWorkAction.execute(GradleCompilerRunnerWithWorkers.kt:73)
	at org.gradle.workers.internal.DefaultWorkerServer.execute(DefaultWorkerServer.java:63)
	at org.gradle.workers.internal.NoIsolationWorkerFactory$1$1.create(NoIsolationWorkerFactory.java:66)
	at org.gradle.workers.internal.NoIsolationWorkerFactory$1$1.create(NoIsolationWorkerFactory.java:62)
	at org.gradle.internal.classloader.ClassLoaderUtils.executeInClassloader(ClassLoaderUtils.java:100)
	at org.gradle.workers.internal.NoIsolationWorkerFactory$1.lambda$execute$0(NoIsolationWorkerFactory.java:62)
	at org.gradle.workers.internal.AbstractWorker$1.call(AbstractWorker.java:44)
	at org.gradle.workers.internal.AbstractWorker$1.call(AbstractWorker.java:41)
	at org.gradle.internal.operations.DefaultBuildOperationRunner$CallableBuildOperationWorker.execute(DefaultBuildOperationRunner.java:200)
	at org.gradle.internal.operations.DefaultBuildOperationRunner$CallableBuildOperationWorker.execute(DefaultBuildOperationRunner.java:195)
	at org.gradle.internal.operations.DefaultBuildOperationRunner$2.execute(DefaultBuildOperationRunner.java:66)
	at org.gradle.internal.operations.DefaultBuildOperationRunner$2.execute(DefaultBuildOperationRunner.java:59)
	at org.gradle.internal.operations.DefaultBuildOperationRunner.execute(DefaultBuildOperationRunner.java:157)
	at org.gradle.internal.operations.DefaultBuildOperationRunner.execute(DefaultBuildOperationRunner.java:59)
	at org.gradle.internal.operations.DefaultBuildOperationRunner.call(DefaultBuildOperationRunner.java:53)
	at org.gradle.internal.operations.DefaultBuildOperationExecutor.call(DefaultBuildOperationExecutor.java:73)
	at org.gradle.workers.internal.AbstractWorker.executeWrappedInBuildOperation(AbstractWorker.java:41)
	at org.gradle.workers.internal.NoIsolationWorkerFactory$1.execute(NoIsolationWorkerFactory.java:59)
	at org.gradle.workers.internal.DefaultWorkerExecutor.lambda$submitWork$0(DefaultWorkerExecutor.java:174)
	at org.gradle.internal.work.DefaultConditionalExecutionQueue$ExecutionRunner.runExecution(DefaultConditionalExecutionQueue.java:187)
	at org.gradle.internal.work.DefaultConditionalExecutionQueue$ExecutionRunner.access$700(DefaultConditionalExecutionQueue.java:120)
	at org.gradle.internal.work.DefaultConditionalExecutionQueue$ExecutionRunner$1.run(DefaultConditionalExecutionQueue.java:162)
	at org.gradle.internal.Factories$1.create(Factories.java:31)
	at org.gradle.internal.work.DefaultWorkerLeaseService.withLocks(DefaultWorkerLeaseService.java:264)
	at org.gradle.internal.work.DefaultWorkerLeaseService.runAsWorkerThread(DefaultWorkerLeaseService.java:128)
	at org.gradle.internal.work.DefaultWorkerLeaseService.runAsWorkerThread(DefaultWorkerLeaseService.java:133)
	at org.gradle.internal.work.DefaultConditionalExecutionQueue$ExecutionRunner.runBatch(DefaultConditionalExecutionQueue.java:157)
	at org.gradle.internal.work.DefaultConditionalExecutionQueue$ExecutionRunner.run(DefaultConditionalExecutionQueue.java:126)
	... 2 more

==============================================================================

2: Task failed with an exception.
-----------
* What went wrong:
Execution failed for task ':react-native-safe-area-context:compileDebugKotlin'.
> A failure occurred while executing org.jetbrains.kotlin.compilerRunner.GradleCompilerRunnerWithWorkers$GradleKotlinCompilerWorkAction
   > Compilation error. See log for more details

* Try:
> Run with --info or --debug option to get more log output.
> Run with --scan to get full insights.
> Get more help at https://help.gradle.org.

* Exception is:
org.gradle.api.tasks.TaskExecutionException: Execution failed for task ':react-native-safe-area-context:compileDebugKotlin'.
	at org.gradle.api.internal.tasks.execution.ExecuteActionsTaskExecuter.lambda$executeIfValid$1(ExecuteActionsTaskExecuter.java:130)
	at org.gradle.internal.Try$Failure.ifSuccessfulOrElse(Try.java:282)
	at org.gradle.api.internal.tasks.execution.ExecuteActionsTaskExecuter.executeIfValid(ExecuteActionsTaskExecuter.java:128)
	at org.gradle.api.internal.tasks.execution.ExecuteActionsTaskExecuter.execute(ExecuteActionsTaskExecuter.java:116)
	at org.gradle.api.internal.tasks.execution.FinalizePropertiesTaskExecuter.execute(FinalizePropertiesTaskExecuter.java:46)
	at org.gradle.api.internal.tasks.execution.ResolveTaskExecutionModeExecuter.execute(ResolveTaskExecutionModeExecuter.java:51)
	at org.gradle.api.internal.tasks.execution.SkipTaskWithNoActionsExecuter.execute(SkipTaskWithNoActionsExecuter.java:57)
	at org.gradle.api.internal.tasks.execution.SkipOnlyIfTaskExecuter.execute(SkipOnlyIfTaskExecuter.java:74)
	at org.gradle.api.internal.tasks.execution.CatchExceptionTaskExecuter.execute(CatchExceptionTaskExecuter.java:36)
	at org.gradle.api.internal.tasks.execution.EventFiringTaskExecuter$1.executeTask(EventFiringTaskExecuter.java:77)
	at org.gradle.api.internal.tasks.execution.EventFiringTaskExecuter$1.call(EventFiringTaskExecuter.java:55)
	at org.gradle.api.internal.tasks.execution.EventFiringTaskExecuter$1.call(EventFiringTaskExecuter.java:52)
	at org.gradle.internal.operations.DefaultBuildOperationRunner$CallableBuildOperationWorker.execute(DefaultBuildOperationRunner.java:200)
	at org.gradle.internal.operations.DefaultBuildOperationRunner$CallableBuildOperationWorker.execute(DefaultBuildOperationRunner.java:195)
	at org.gradle.internal.operations.DefaultBuildOperationRunner$2.execute(DefaultBuildOperationRunner.java:66)
	at org.gradle.internal.operations.DefaultBuildOperationRunner$2.execute(DefaultBuildOperationRunner.java:59)
	at org.gradle.internal.operations.DefaultBuildOperationRunner.execute(DefaultBuildOperationRunner.java:157)
	at org.gradle.internal.operations.DefaultBuildOperationRunner.execute(DefaultBuildOperationRunner.java:59)
	at org.gradle.internal.operations.DefaultBuildOperationRunner.call(DefaultBuildOperationRunner.java:53)
	at org.gradle.internal.operations.DefaultBuildOperationExecutor.call(DefaultBuildOperationExecutor.java:73)
	at org.gradle.api.internal.tasks.execution.EventFiringTaskExecuter.execute(EventFiringTaskExecuter.java:52)
	at org.gradle.execution.plan.LocalTaskNodeExecutor.execute(LocalTaskNodeExecutor.java:42)
	at org.gradle.execution.taskgraph.DefaultTaskExecutionGraph$InvokeNodeExecutorsAction.execute(DefaultTaskExecutionGraph.java:331)
	at org.gradle.execution.taskgraph.DefaultTaskExecutionGraph$InvokeNodeExecutorsAction.execute(DefaultTaskExecutionGraph.java:318)
	at org.gradle.execution.taskgraph.DefaultTaskExecutionGraph$BuildOperationAwareExecutionAction.lambda$execute$0(DefaultTaskExecutionGraph.java:314)
	at org.gradle.internal.operations.CurrentBuildOperationRef.with(CurrentBuildOperationRef.java:80)
	at org.gradle.execution.taskgraph.DefaultTaskExecutionGraph$BuildOperationAwareExecutionAction.execute(DefaultTaskExecutionGraph.java:314)
	at org.gradle.execution.taskgraph.DefaultTaskExecutionGraph$BuildOperationAwareExecutionAction.execute(DefaultTaskExecutionGraph.java:303)
	at org.gradle.execution.plan.DefaultPlanExecutor$ExecutorWorker.execute(DefaultPlanExecutor.java:463)
	at org.gradle.execution.plan.DefaultPlanExecutor$ExecutorWorker.run(DefaultPlanExecutor.java:380)
	at org.gradle.internal.concurrent.ExecutorPolicy$CatchAndRecordFailures.onExecute(ExecutorPolicy.java:64)
	at org.gradle.internal.concurrent.AbstractManagedExecutor$1.run(AbstractManagedExecutor.java:47)
	at java.base/java.util.concurrent.ThreadPoolExecutor.runWorker(ThreadPoolExecutor.java:1136)
	at java.base/java.util.concurrent.ThreadPoolExecutor$Worker.run(ThreadPoolExecutor.java:635)
	at java.base/java.lang.Thread.run(Thread.java:840)
Caused by: org.gradle.workers.internal.DefaultWorkerExecutor$WorkExecutionException: A failure occurred while executing org.jetbrains.kotlin.compilerRunner.GradleCompilerRunnerWithWorkers$GradleKotlinCompilerWorkAction
	at org.gradle.workers.internal.DefaultWorkerExecutor$WorkItemExecution.waitForCompletion(DefaultWorkerExecutor.java:287)
	at org.gradle.internal.work.DefaultAsyncWorkTracker.lambda$waitForItemsAndGatherFailures$2(DefaultAsyncWorkTracker.java:130)
	at org.gradle.internal.Factories$1.create(Factories.java:31)
	at org.gradle.internal.work.DefaultWorkerLeaseService.withoutLocks(DefaultWorkerLeaseService.java:336)
	at org.gradle.internal.work.DefaultWorkerLeaseService.withoutLocks(DefaultWorkerLeaseService.java:319)
	at org.gradle.internal.work.DefaultWorkerLeaseService.withoutLock(DefaultWorkerLeaseService.java:324)
	at org.gradle.internal.work.DefaultAsyncWorkTracker.waitForItemsAndGatherFailures(DefaultAsyncWorkTracker.java:126)
	at org.gradle.internal.work.DefaultAsyncWorkTracker.waitForItemsAndGatherFailures(DefaultAsyncWorkTracker.java:92)
	at org.gradle.internal.work.DefaultAsyncWorkTracker.waitForAll(DefaultAsyncWorkTracker.java:78)
	at org.gradle.internal.work.DefaultAsyncWorkTracker.waitForCompletion(DefaultAsyncWorkTracker.java:66)
	at org.gradle.api.internal.tasks.execution.TaskExecution$3.run(TaskExecution.java:252)
	at org.gradle.internal.operations.DefaultBuildOperationRunner$1.execute(DefaultBuildOperationRunner.java:29)
	at org.gradle.internal.operations.DefaultBuildOperationRunner$1.execute(DefaultBuildOperationRunner.java:26)
	at org.gradle.internal.operations.DefaultBuildOperationRunner$2.execute(DefaultBuildOperationRunner.java:66)
	at org.gradle.internal.operations.DefaultBuildOperationRunner$2.execute(DefaultBuildOperationRunner.java:59)
	at org.gradle.internal.operations.DefaultBuildOperationRunner.execute(DefaultBuildOperationRunner.java:157)
	at org.gradle.internal.operations.DefaultBuildOperationRunner.execute(DefaultBuildOperationRunner.java:59)
	at org.gradle.internal.operations.DefaultBuildOperationRunner.run(DefaultBuildOperationRunner.java:47)
	at org.gradle.internal.operations.DefaultBuildOperationExecutor.run(DefaultBuildOperationExecutor.java:68)
	at org.gradle.api.internal.tasks.execution.TaskExecution.executeAction(TaskExecution.java:229)
	at org.gradle.api.internal.tasks.execution.TaskExecution.executeActions(TaskExecution.java:212)
	at org.gradle.api.internal.tasks.execution.TaskExecution.executeWithPreviousOutputFiles(TaskExecution.java:195)
	at org.gradle.api.internal.tasks.execution.TaskExecution.execute(TaskExecution.java:162)
	at org.gradle.internal.execution.steps.ExecuteStep.executeInternal(ExecuteStep.java:105)
	at org.gradle.internal.execution.steps.ExecuteStep.access$000(ExecuteStep.java:44)
	at org.gradle.internal.execution.steps.ExecuteStep$1.call(ExecuteStep.java:59)
	at org.gradle.internal.execution.steps.ExecuteStep$1.call(ExecuteStep.java:56)
	at org.gradle.internal.operations.DefaultBuildOperationRunner$CallableBuildOperationWorker.execute(DefaultBuildOperationRunner.java:200)
	at org.gradle.internal.operations.DefaultBuildOperationRunner$CallableBuildOperationWorker.execute(DefaultBuildOperationRunner.java:195)
	at org.gradle.internal.operations.DefaultBuildOperationRunner$2.execute(DefaultBuildOperationRunner.java:66)
	at org.gradle.internal.operations.DefaultBuildOperationRunner$2.execute(DefaultBuildOperationRunner.java:59)
	at org.gradle.internal.operations.DefaultBuildOperationRunner.execute(DefaultBuildOperationRunner.java:157)
	at org.gradle.internal.operations.DefaultBuildOperationRunner.execute(DefaultBuildOperationRunner.java:59)
	at org.gradle.internal.operations.DefaultBuildOperationRunner.call(DefaultBuildOperationRunner.java:53)
	at org.gradle.internal.operations.DefaultBuildOperationExecutor.call(DefaultBuildOperationExecutor.java:73)
	at org.gradle.internal.execution.steps.ExecuteStep.execute(ExecuteStep.java:56)
	at org.gradle.internal.execution.steps.ExecuteStep.execute(ExecuteStep.java:44)
	at org.gradle.internal.execution.steps.CancelExecutionStep.execute(CancelExecutionStep.java:41)
	at org.gradle.internal.execution.steps.TimeoutStep.executeWithoutTimeout(TimeoutStep.java:74)
	at org.gradle.internal.execution.steps.TimeoutStep.execute(TimeoutStep.java:55)
	at org.gradle.internal.execution.steps.PreCreateOutputParentsStep.execute(PreCreateOutputParentsStep.java:50)
	at org.gradle.internal.execution.steps.PreCreateOutputParentsStep.execute(PreCreateOutputParentsStep.java:28)
	at org.gradle.internal.execution.steps.RemovePreviousOutputsStep.execute(RemovePreviousOutputsStep.java:67)
	at org.gradle.internal.execution.steps.RemovePreviousOutputsStep.execute(RemovePreviousOutputsStep.java:37)
	at org.gradle.internal.execution.steps.BroadcastChangingOutputsStep.execute(BroadcastChangingOutputsStep.java:61)
	at org.gradle.internal.execution.steps.BroadcastChangingOutputsStep.execute(BroadcastChangingOutputsStep.java:26)
	at org.gradle.internal.execution.steps.CaptureOutputsAfterExecutionStep.execute(CaptureOutputsAfterExecutionStep.java:67)
	at org.gradle.internal.execution.steps.CaptureOutputsAfterExecutionStep.execute(CaptureOutputsAfterExecutionStep.java:45)
	at org.gradle.internal.execution.steps.ResolveInputChangesStep.execute(ResolveInputChangesStep.java:40)
	at org.gradle.internal.execution.steps.ResolveInputChangesStep.execute(ResolveInputChangesStep.java:29)
	at org.gradle.internal.execution.steps.BuildCacheStep.executeWithoutCache(BuildCacheStep.java:189)
	at org.gradle.internal.execution.steps.BuildCacheStep.lambda$execute$1(BuildCacheStep.java:75)
	at org.gradle.internal.Either$Right.fold(Either.java:175)
	at org.gradle.internal.execution.caching.CachingState.fold(CachingState.java:62)
	at org.gradle.internal.execution.steps.BuildCacheStep.execute(BuildCacheStep.java:73)
	at org.gradle.internal.execution.steps.BuildCacheStep.execute(BuildCacheStep.java:48)
	at org.gradle.internal.execution.steps.StoreExecutionStateStep.execute(StoreExecutionStateStep.java:46)
	at org.gradle.internal.execution.steps.StoreExecutionStateStep.execute(StoreExecutionStateStep.java:35)
	at org.gradle.internal.execution.steps.SkipUpToDateStep.executeBecause(SkipUpToDateStep.java:76)
	at org.gradle.internal.execution.steps.SkipUpToDateStep.lambda$execute$2(SkipUpToDateStep.java:54)
	at java.base/java.util.Optional.orElseGet(Optional.java:364)
	at org.gradle.internal.execution.steps.SkipUpToDateStep.execute(SkipUpToDateStep.java:54)
	at org.gradle.internal.execution.steps.SkipUpToDateStep.execute(SkipUpToDateStep.java:36)
	at org.gradle.internal.execution.steps.legacy.MarkSnapshottingInputsFinishedStep.execute(MarkSnapshottingInputsFinishedStep.java:37)
	at org.gradle.internal.execution.steps.legacy.MarkSnapshottingInputsFinishedStep.execute(MarkSnapshottingInputsFinishedStep.java:27)
	at org.gradle.internal.execution.steps.ResolveIncrementalCachingStateStep.executeDelegate(ResolveIncrementalCachingStateStep.java:49)
	at org.gradle.internal.execution.steps.ResolveIncrementalCachingStateStep.executeDelegate(ResolveIncrementalCachingStateStep.java:27)
	at org.gradle.internal.execution.steps.AbstractResolveCachingStateStep.execute(AbstractResolveCachingStateStep.java:71)
	at org.gradle.internal.execution.steps.AbstractResolveCachingStateStep.execute(AbstractResolveCachingStateStep.java:39)
	at org.gradle.internal.execution.steps.ResolveChangesStep.execute(ResolveChangesStep.java:65)
	at org.gradle.internal.execution.steps.ResolveChangesStep.execute(ResolveChangesStep.java:36)
	at org.gradle.internal.execution.steps.ValidateStep.execute(ValidateStep.java:106)
	at org.gradle.internal.execution.steps.ValidateStep.execute(ValidateStep.java:55)
	at org.gradle.internal.execution.steps.AbstractCaptureStateBeforeExecutionStep.execute(AbstractCaptureStateBeforeExecutionStep.java:64)
	at org.gradle.internal.execution.steps.AbstractCaptureStateBeforeExecutionStep.execute(AbstractCaptureStateBeforeExecutionStep.java:43)
	at org.gradle.internal.execution.steps.AbstractSkipEmptyWorkStep.executeWithNonEmptySources(AbstractSkipEmptyWorkStep.java:125)
	at org.gradle.internal.execution.steps.AbstractSkipEmptyWorkStep.execute(AbstractSkipEmptyWorkStep.java:61)
	at org.gradle.internal.execution.steps.AbstractSkipEmptyWorkStep.execute(AbstractSkipEmptyWorkStep.java:36)
	at org.gradle.internal.execution.steps.legacy.MarkSnapshottingInputsStartedStep.execute(MarkSnapshottingInputsStartedStep.java:38)
	at org.gradle.internal.execution.steps.LoadPreviousExecutionStateStep.execute(LoadPreviousExecutionStateStep.java:36)
	at org.gradle.internal.execution.steps.LoadPreviousExecutionStateStep.execute(LoadPreviousExecutionStateStep.java:23)
	at org.gradle.internal.execution.steps.HandleStaleOutputsStep.execute(HandleStaleOutputsStep.java:75)
	at org.gradle.internal.execution.steps.HandleStaleOutputsStep.execute(HandleStaleOutputsStep.java:41)
	at org.gradle.internal.execution.steps.AssignMutableWorkspaceStep.lambda$execute$0(AssignMutableWorkspaceStep.java:35)
	at org.gradle.api.internal.tasks.execution.TaskExecution$4.withWorkspace(TaskExecution.java:289)
	at org.gradle.internal.execution.steps.AssignMutableWorkspaceStep.execute(AssignMutableWorkspaceStep.java:31)
	at org.gradle.internal.execution.steps.AssignMutableWorkspaceStep.execute(AssignMutableWorkspaceStep.java:22)
	at org.gradle.internal.execution.steps.ChoosePipelineStep.execute(ChoosePipelineStep.java:40)
	at org.gradle.internal.execution.steps.ChoosePipelineStep.execute(ChoosePipelineStep.java:23)
	at org.gradle.internal.execution.steps.ExecuteWorkBuildOperationFiringStep.lambda$execute$2(ExecuteWorkBuildOperationFiringStep.java:67)
	at java.base/java.util.Optional.orElseGet(Optional.java:364)
	at org.gradle.internal.execution.steps.ExecuteWorkBuildOperationFiringStep.execute(ExecuteWorkBuildOperationFiringStep.java:67)
	at org.gradle.internal.execution.steps.ExecuteWorkBuildOperationFiringStep.execute(ExecuteWorkBuildOperationFiringStep.java:39)
	at org.gradle.internal.execution.steps.IdentityCacheStep.execute(IdentityCacheStep.java:46)
	at org.gradle.internal.execution.steps.IdentityCacheStep.execute(IdentityCacheStep.java:34)
	at org.gradle.internal.execution.steps.IdentifyStep.execute(IdentifyStep.java:48)
	at org.gradle.internal.execution.steps.IdentifyStep.execute(IdentifyStep.java:35)
	at org.gradle.internal.execution.impl.DefaultExecutionEngine$1.execute(DefaultExecutionEngine.java:61)
	at org.gradle.api.internal.tasks.execution.ExecuteActionsTaskExecuter.executeIfValid(ExecuteActionsTaskExecuter.java:127)
	at org.gradle.api.internal.tasks.execution.ExecuteActionsTaskExecuter.execute(ExecuteActionsTaskExecuter.java:116)
	at org.gradle.api.internal.tasks.execution.FinalizePropertiesTaskExecuter.execute(FinalizePropertiesTaskExecuter.java:46)
	at org.gradle.api.internal.tasks.execution.ResolveTaskExecutionModeExecuter.execute(ResolveTaskExecutionModeExecuter.java:51)
	at org.gradle.api.internal.tasks.execution.SkipTaskWithNoActionsExecuter.execute(SkipTaskWithNoActionsExecuter.java:57)
	at org.gradle.api.internal.tasks.execution.SkipOnlyIfTaskExecuter.execute(SkipOnlyIfTaskExecuter.java:74)
	at org.gradle.api.internal.tasks.execution.CatchExceptionTaskExecuter.execute(CatchExceptionTaskExecuter.java:36)
	at org.gradle.api.internal.tasks.execution.EventFiringTaskExecuter$1.executeTask(EventFiringTaskExecuter.java:77)
	at org.gradle.api.internal.tasks.execution.EventFiringTaskExecuter$1.call(EventFiringTaskExecuter.java:55)
	at org.gradle.api.internal.tasks.execution.EventFiringTaskExecuter$1.call(EventFiringTaskExecuter.java:52)
	at org.gradle.internal.operations.DefaultBuildOperationRunner$CallableBuildOperationWorker.execute(DefaultBuildOperationRunner.java:200)
	at org.gradle.internal.operations.DefaultBuildOperationRunner$CallableBuildOperationWorker.execute(DefaultBuildOperationRunner.java:195)
	at org.gradle.internal.operations.DefaultBuildOperationRunner$2.execute(DefaultBuildOperationRunner.java:66)
	at org.gradle.internal.operations.DefaultBuildOperationRunner$2.execute(DefaultBuildOperationRunner.java:59)
	at org.gradle.internal.operations.DefaultBuildOperationRunner.execute(DefaultBuildOperationRunner.java:157)
	at org.gradle.internal.operations.DefaultBuildOperationRunner.execute(DefaultBuildOperationRunner.java:59)
	at org.gradle.internal.operations.DefaultBuildOperationRunner.call(DefaultBuildOperationRunner.java:53)
	at org.gradle.internal.operations.DefaultBuildOperationExecutor.call(DefaultBuildOperationExecutor.java:73)
	at org.gradle.api.internal.tasks.execution.EventFiringTaskExecuter.execute(EventFiringTaskExecuter.java:52)
	at org.gradle.execution.plan.LocalTaskNodeExecutor.execute(LocalTaskNodeExecutor.java:42)
	at org.gradle.execution.taskgraph.DefaultTaskExecutionGraph$InvokeNodeExecutorsAction.execute(DefaultTaskExecutionGraph.java:331)
	at org.gradle.execution.taskgraph.DefaultTaskExecutionGraph$InvokeNodeExecutorsAction.execute(DefaultTaskExecutionGraph.java:318)
	at org.gradle.execution.taskgraph.DefaultTaskExecutionGraph$BuildOperationAwareExecutionAction.lambda$execute$0(DefaultTaskExecutionGraph.java:314)
	at org.gradle.internal.operations.CurrentBuildOperationRef.with(CurrentBuildOperationRef.java:80)
	at org.gradle.execution.taskgraph.DefaultTaskExecutionGraph$BuildOperationAwareExecutionAction.execute(DefaultTaskExecutionGraph.java:314)
	at org.gradle.execution.taskgraph.DefaultTaskExecutionGraph$BuildOperationAwareExecutionAction.execute(DefaultTaskExecutionGraph.java:303)
	at org.gradle.execution.plan.DefaultPlanExecutor$ExecutorWorker.execute(DefaultPlanExecutor.java:463)
	at org.gradle.execution.plan.DefaultPlanExecutor$ExecutorWorker.run(DefaultPlanExecutor.java:380)
	at org.gradle.internal.concurrent.ExecutorPolicy$CatchAndRecordFailures.onExecute(ExecutorPolicy.java:64)
	at org.gradle.internal.concurrent.AbstractManagedExecutor$1.run(AbstractManagedExecutor.java:47)
	at java.base/java.util.concurrent.ThreadPoolExecutor.runWorker(ThreadPoolExecutor.java:1136)
	at java.base/java.util.concurrent.ThreadPoolExecutor$Worker.run(ThreadPoolExecutor.java:635)
	at java.base/java.lang.Thread.run(Thread.java:840)
Caused by: org.jetbrains.kotlin.gradle.tasks.CompilationErrorException: Compilation error. See log for more details
	at org.jetbrains.kotlin.gradle.tasks.TasksUtilsKt.throwExceptionIfCompilationFailed(tasksUtils.kt:20)
	at org.jetbrains.kotlin.compilerRunner.GradleKotlinCompilerWork.run(GradleKotlinCompilerWork.kt:141)
	at org.jetbrains.kotlin.compilerRunner.GradleCompilerRunnerWithWorkers$GradleKotlinCompilerWorkAction.execute(GradleCompilerRunnerWithWorkers.kt:73)
	at org.gradle.workers.internal.DefaultWorkerServer.execute(DefaultWorkerServer.java:63)
	at org.gradle.workers.internal.NoIsolationWorkerFactory$1$1.create(NoIsolationWorkerFactory.java:66)
	at org.gradle.workers.internal.NoIsolationWorkerFactory$1$1.create(NoIsolationWorkerFactory.java:62)
	at org.gradle.internal.classloader.ClassLoaderUtils.executeInClassloader(ClassLoaderUtils.java:100)
	at org.gradle.workers.internal.NoIsolationWorkerFactory$1.lambda$execute$0(NoIsolationWorkerFactory.java:62)
	at org.gradle.workers.internal.AbstractWorker$1.call(AbstractWorker.java:44)
	at org.gradle.workers.internal.AbstractWorker$1.call(AbstractWorker.java:41)
	at org.gradle.internal.operations.DefaultBuildOperationRunner$CallableBuildOperationWorker.execute(DefaultBuildOperationRunner.java:200)
	at org.gradle.internal.operations.DefaultBuildOperationRunner$CallableBuildOperationWorker.execute(DefaultBuildOperationRunner.java:195)
	at org.gradle.internal.operations.DefaultBuildOperationRunner$2.execute(DefaultBuildOperationRunner.java:66)
	at org.gradle.internal.operations.DefaultBuildOperationRunner$2.execute(DefaultBuildOperationRunner.java:59)
	at org.gradle.internal.operations.DefaultBuildOperationRunner.execute(DefaultBuildOperationRunner.java:157)
	at org.gradle.internal.operations.DefaultBuildOperationRunner.execute(DefaultBuildOperationRunner.java:59)
	at org.gradle.internal.operations.DefaultBuildOperationRunner.call(DefaultBuildOperationRunner.java:53)
	at org.gradle.internal.operations.DefaultBuildOperationExecutor.call(DefaultBuildOperationExecutor.java:73)
	at org.gradle.workers.internal.AbstractWorker.executeWrappedInBuildOperation(AbstractWorker.java:41)
	at org.gradle.workers.internal.NoIsolationWorkerFactory$1.execute(NoIsolationWorkerFactory.java:59)
	at org.gradle.workers.internal.DefaultWorkerExecutor.lambda$submitWork$0(DefaultWorkerExecutor.java:174)
	at java.base/java.util.concurrent.FutureTask.run(FutureTask.java:264)
	at org.gradle.internal.work.DefaultConditionalExecutionQueue$ExecutionRunner.runExecution(DefaultConditionalExecutionQueue.java:187)
	at org.gradle.internal.work.DefaultConditionalExecutionQueue$ExecutionRunner.access$700(DefaultConditionalExecutionQueue.java:120)
	at org.gradle.internal.work.DefaultConditionalExecutionQueue$ExecutionRunner$1.run(DefaultConditionalExecutionQueue.java:162)
	at org.gradle.internal.Factories$1.create(Factories.java:31)
	at org.gradle.internal.work.DefaultWorkerLeaseService.withLocks(DefaultWorkerLeaseService.java:264)
	at org.gradle.internal.work.DefaultWorkerLeaseService.runAsWorkerThread(DefaultWorkerLeaseService.java:128)
	at org.gradle.internal.work.DefaultWorkerLeaseService.runAsWorkerThread(DefaultWorkerLeaseService.java:133)
	at org.gradle.internal.work.DefaultConditionalExecutionQueue$ExecutionRunner.runBatch(DefaultConditionalExecutionQueue.java:157)
	at org.gradle.internal.work.DefaultConditionalExecutionQueue$ExecutionRunner.run(DefaultConditionalExecutionQueue.java:126)
	at java.base/java.util.concurrent.Executors$RunnableAdapter.call(Executors.java:539)
	at java.base/java.util.concurrent.FutureTask.run(FutureTask.java:264)
	... 5 more

==============================================================================

3: Task failed with an exception.
-----------
* What went wrong:
Execution failed for task ':react-native-gesture-handler:compileDebugKotlin'.
> A failure occurred while executing org.jetbrains.kotlin.compilerRunner.GradleCompilerRunnerWithWorkers$GradleKotlinCompilerWorkAction
   > Compilation error. See log for more details

* Try:
> Run with --info or --debug option to get more log output.
> Run with --scan to get full insights.
> Get more help at https://help.gradle.org.

* Exception is:
org.gradle.api.tasks.TaskExecutionException: Execution failed for task ':react-native-gesture-handler:compileDebugKotlin'.
	at org.gradle.api.internal.tasks.execution.ExecuteActionsTaskExecuter.lambda$executeIfValid$1(ExecuteActionsTaskExecuter.java:130)
	at org.gradle.internal.Try$Failure.ifSuccessfulOrElse(Try.java:282)
	at org.gradle.api.internal.tasks.execution.ExecuteActionsTaskExecuter.executeIfValid(ExecuteActionsTaskExecuter.java:128)
	at org.gradle.api.internal.tasks.execution.ExecuteActionsTaskExecuter.execute(ExecuteActionsTaskExecuter.java:116)
	at org.gradle.api.internal.tasks.execution.FinalizePropertiesTaskExecuter.execute(FinalizePropertiesTaskExecuter.java:46)
	at org.gradle.api.internal.tasks.execution.ResolveTaskExecutionModeExecuter.execute(ResolveTaskExecutionModeExecuter.java:51)
	at org.gradle.api.internal.tasks.execution.SkipTaskWithNoActionsExecuter.execute(SkipTaskWithNoActionsExecuter.java:57)
	at org.gradle.api.internal.tasks.execution.SkipOnlyIfTaskExecuter.execute(SkipOnlyIfTaskExecuter.java:74)
	at org.gradle.api.internal.tasks.execution.CatchExceptionTaskExecuter.execute(CatchExceptionTaskExecuter.java:36)
	at org.gradle.api.internal.tasks.execution.EventFiringTaskExecuter$1.executeTask(EventFiringTaskExecuter.java:77)
	at org.gradle.api.internal.tasks.execution.EventFiringTaskExecuter$1.call(EventFiringTaskExecuter.java:55)
	at org.gradle.api.internal.tasks.execution.EventFiringTaskExecuter$1.call(EventFiringTaskExecuter.java:52)
	at org.gradle.internal.operations.DefaultBuildOperationRunner$CallableBuildOperationWorker.execute(DefaultBuildOperationRunner.java:200)
	at org.gradle.internal.operations.DefaultBuildOperationRunner$CallableBuildOperationWorker.execute(DefaultBuildOperationRunner.java:195)
	at org.gradle.internal.operations.DefaultBuildOperationRunner$2.execute(DefaultBuildOperationRunner.java:66)
	at org.gradle.internal.operations.DefaultBuildOperationRunner$2.execute(DefaultBuildOperationRunner.java:59)
	at org.gradle.internal.operations.DefaultBuildOperationRunner.execute(DefaultBuildOperationRunner.java:157)
	at org.gradle.internal.operations.DefaultBuildOperationRunner.execute(DefaultBuildOperationRunner.java:59)
	at org.gradle.internal.operations.DefaultBuildOperationRunner.call(DefaultBuildOperationRunner.java:53)
	at org.gradle.internal.operations.DefaultBuildOperationExecutor.call(DefaultBuildOperationExecutor.java:73)
	at org.gradle.api.internal.tasks.execution.EventFiringTaskExecuter.execute(EventFiringTaskExecuter.java:52)
	at org.gradle.execution.plan.LocalTaskNodeExecutor.execute(LocalTaskNodeExecutor.java:42)
	at org.gradle.execution.taskgraph.DefaultTaskExecutionGraph$InvokeNodeExecutorsAction.execute(DefaultTaskExecutionGraph.java:331)
	at org.gradle.execution.taskgraph.DefaultTaskExecutionGraph$InvokeNodeExecutorsAction.execute(DefaultTaskExecutionGraph.java:318)
	at org.gradle.execution.taskgraph.DefaultTaskExecutionGraph$BuildOperationAwareExecutionAction.lambda$execute$0(DefaultTaskExecutionGraph.java:314)
	at org.gradle.internal.operations.CurrentBuildOperationRef.with(CurrentBuildOperationRef.java:80)
	at org.gradle.execution.taskgraph.DefaultTaskExecutionGraph$BuildOperationAwareExecutionAction.execute(DefaultTaskExecutionGraph.java:314)
	at org.gradle.execution.taskgraph.DefaultTaskExecutionGraph$BuildOperationAwareExecutionAction.execute(DefaultTaskExecutionGraph.java:303)
	at org.gradle.execution.plan.DefaultPlanExecutor$ExecutorWorker.execute(DefaultPlanExecutor.java:463)
	at org.gradle.execution.plan.DefaultPlanExecutor$ExecutorWorker.run(DefaultPlanExecutor.java:380)
	at org.gradle.internal.concurrent.ExecutorPolicy$CatchAndRecordFailures.onExecute(ExecutorPolicy.java:64)
	at org.gradle.internal.concurrent.AbstractManagedExecutor$1.run(AbstractManagedExecutor.java:47)
	at java.base/java.util.concurrent.ThreadPoolExecutor.runWorker(ThreadPoolExecutor.java:1136)
	at java.base/java.util.concurrent.ThreadPoolExecutor$Worker.run(ThreadPoolExecutor.java:635)
	at java.base/java.lang.Thread.run(Thread.java:840)
Caused by: org.gradle.workers.internal.DefaultWorkerExecutor$WorkExecutionException: A failure occurred while executing org.jetbrains.kotlin.compilerRunner.GradleCompilerRunnerWithWorkers$GradleKotlinCompilerWorkAction
	at org.gradle.workers.internal.DefaultWorkerExecutor$WorkItemExecution.waitForCompletion(DefaultWorkerExecutor.java:287)
	at org.gradle.internal.work.DefaultAsyncWorkTracker.lambda$waitForItemsAndGatherFailures$2(DefaultAsyncWorkTracker.java:130)
	at org.gradle.internal.Factories$1.create(Factories.java:31)
	at org.gradle.internal.work.DefaultWorkerLeaseService.withoutLocks(DefaultWorkerLeaseService.java:336)
	at org.gradle.internal.work.DefaultWorkerLeaseService.withoutLocks(DefaultWorkerLeaseService.java:319)
	at org.gradle.internal.work.DefaultWorkerLeaseService.withoutLock(DefaultWorkerLeaseService.java:324)
	at org.gradle.internal.work.DefaultAsyncWorkTracker.waitForItemsAndGatherFailures(DefaultAsyncWorkTracker.java:126)
	at org.gradle.internal.work.DefaultAsyncWorkTracker.waitForItemsAndGatherFailures(DefaultAsyncWorkTracker.java:92)
	at org.gradle.internal.work.DefaultAsyncWorkTracker.waitForAll(DefaultAsyncWorkTracker.java:78)
	at org.gradle.internal.work.DefaultAsyncWorkTracker.waitForCompletion(DefaultAsyncWorkTracker.java:66)
	at org.gradle.api.internal.tasks.execution.TaskExecution$3.run(TaskExecution.java:252)
	at org.gradle.internal.operations.DefaultBuildOperationRunner$1.execute(DefaultBuildOperationRunner.java:29)
	at org.gradle.internal.operations.DefaultBuildOperationRunner$1.execute(DefaultBuildOperationRunner.java:26)
	at org.gradle.internal.operations.DefaultBuildOperationRunner$2.execute(DefaultBuildOperationRunner.java:66)
	at org.gradle.internal.operations.DefaultBuildOperationRunner$2.execute(DefaultBuildOperationRunner.java:59)
	at org.gradle.internal.operations.DefaultBuildOperationRunner.execute(DefaultBuildOperationRunner.java:157)
	at org.gradle.internal.operations.DefaultBuildOperationRunner.execute(DefaultBuildOperationRunner.java:59)
	at org.gradle.internal.operations.DefaultBuildOperationRunner.run(DefaultBuildOperationRunner.java:47)
	at org.gradle.internal.operations.DefaultBuildOperationExecutor.run(DefaultBuildOperationExecutor.java:68)
	at org.gradle.api.internal.tasks.execution.TaskExecution.executeAction(TaskExecution.java:229)
	at org.gradle.api.internal.tasks.execution.TaskExecution.executeActions(TaskExecution.java:212)
	at org.gradle.api.internal.tasks.execution.TaskExecution.executeWithPreviousOutputFiles(TaskExecution.java:195)
	at org.gradle.api.internal.tasks.execution.TaskExecution.execute(TaskExecution.java:162)
	at org.gradle.internal.execution.steps.ExecuteStep.executeInternal(ExecuteStep.java:105)
	at org.gradle.internal.execution.steps.ExecuteStep.access$000(ExecuteStep.java:44)
	at org.gradle.internal.execution.steps.ExecuteStep$1.call(ExecuteStep.java:59)
	at org.gradle.internal.execution.steps.ExecuteStep$1.call(ExecuteStep.java:56)
	at org.gradle.internal.operations.DefaultBuildOperationRunner$CallableBuildOperationWorker.execute(DefaultBuildOperationRunner.java:200)
	at org.gradle.internal.operations.DefaultBuildOperationRunner$CallableBuildOperationWorker.execute(DefaultBuildOperationRunner.java:195)
	at org.gradle.internal.operations.DefaultBuildOperationRunner$2.execute(DefaultBuildOperationRunner.java:66)
	at org.gradle.internal.operations.DefaultBuildOperationRunner$2.execute(DefaultBuildOperationRunner.java:59)
	at org.gradle.internal.operations.DefaultBuildOperationRunner.execute(DefaultBuildOperationRunner.java:157)
	at org.gradle.internal.operations.DefaultBuildOperationRunner.execute(DefaultBuildOperationRunner.java:59)
	at org.gradle.internal.operations.DefaultBuildOperationRunner.call(DefaultBuildOperationRunner.java:53)
	at org.gradle.internal.operations.DefaultBuildOperationExecutor.call(DefaultBuildOperationExecutor.java:73)
	at org.gradle.internal.execution.steps.ExecuteStep.execute(ExecuteStep.java:56)
	at org.gradle.internal.execution.steps.ExecuteStep.execute(ExecuteStep.java:44)
	at org.gradle.internal.execution.steps.CancelExecutionStep.execute(CancelExecutionStep.java:41)
	at org.gradle.internal.execution.steps.TimeoutStep.executeWithoutTimeout(TimeoutStep.java:74)
	at org.gradle.internal.execution.steps.TimeoutStep.execute(TimeoutStep.java:55)
	at org.gradle.internal.execution.steps.PreCreateOutputParentsStep.execute(PreCreateOutputParentsStep.java:50)
	at org.gradle.internal.execution.steps.PreCreateOutputParentsStep.execute(PreCreateOutputParentsStep.java:28)
	at org.gradle.internal.execution.steps.RemovePreviousOutputsStep.execute(RemovePreviousOutputsStep.java:67)
	at org.gradle.internal.execution.steps.RemovePreviousOutputsStep.execute(RemovePreviousOutputsStep.java:37)
	at org.gradle.internal.execution.steps.BroadcastChangingOutputsStep.execute(BroadcastChangingOutputsStep.java:61)
	at org.gradle.internal.execution.steps.BroadcastChangingOutputsStep.execute(BroadcastChangingOutputsStep.java:26)
	at org.gradle.internal.execution.steps.CaptureOutputsAfterExecutionStep.execute(CaptureOutputsAfterExecutionStep.java:67)
	at org.gradle.internal.execution.steps.CaptureOutputsAfterExecutionStep.execute(CaptureOutputsAfterExecutionStep.java:45)
	at org.gradle.internal.execution.steps.ResolveInputChangesStep.execute(ResolveInputChangesStep.java:40)
	at org.gradle.internal.execution.steps.ResolveInputChangesStep.execute(ResolveInputChangesStep.java:29)
	at org.gradle.internal.execution.steps.BuildCacheStep.executeWithoutCache(BuildCacheStep.java:189)
	at org.gradle.internal.execution.steps.BuildCacheStep.lambda$execute$1(BuildCacheStep.java:75)
	at org.gradle.internal.Either$Right.fold(Either.java:175)
	at org.gradle.internal.execution.caching.CachingState.fold(CachingState.java:62)
	at org.gradle.internal.execution.steps.BuildCacheStep.execute(BuildCacheStep.java:73)
	at org.gradle.internal.execution.steps.BuildCacheStep.execute(BuildCacheStep.java:48)
	at org.gradle.internal.execution.steps.StoreExecutionStateStep.execute(StoreExecutionStateStep.java:46)
	at org.gradle.internal.execution.steps.StoreExecutionStateStep.execute(StoreExecutionStateStep.java:35)
	at org.gradle.internal.execution.steps.SkipUpToDateStep.executeBecause(SkipUpToDateStep.java:76)
	at org.gradle.internal.execution.steps.SkipUpToDateStep.lambda$execute$2(SkipUpToDateStep.java:54)
	at java.base/java.util.Optional.orElseGet(Optional.java:364)
	at org.gradle.internal.execution.steps.SkipUpToDateStep.execute(SkipUpToDateStep.java:54)
	at org.gradle.internal.execution.steps.SkipUpToDateStep.execute(SkipUpToDateStep.java:36)
	at org.gradle.internal.execution.steps.legacy.MarkSnapshottingInputsFinishedStep.execute(MarkSnapshottingInputsFinishedStep.java:37)
	at org.gradle.internal.execution.steps.legacy.MarkSnapshottingInputsFinishedStep.execute(MarkSnapshottingInputsFinishedStep.java:27)
	at org.gradle.internal.execution.steps.ResolveIncrementalCachingStateStep.executeDelegate(ResolveIncrementalCachingStateStep.java:49)
	at org.gradle.internal.execution.steps.ResolveIncrementalCachingStateStep.executeDelegate(ResolveIncrementalCachingStateStep.java:27)
	at org.gradle.internal.execution.steps.AbstractResolveCachingStateStep.execute(AbstractResolveCachingStateStep.java:71)
	at org.gradle.internal.execution.steps.AbstractResolveCachingStateStep.execute(AbstractResolveCachingStateStep.java:39)
	at org.gradle.internal.execution.steps.ResolveChangesStep.execute(ResolveChangesStep.java:65)
	at org.gradle.internal.execution.steps.ResolveChangesStep.execute(ResolveChangesStep.java:36)
	at org.gradle.internal.execution.steps.ValidateStep.execute(ValidateStep.java:106)
	at org.gradle.internal.execution.steps.ValidateStep.execute(ValidateStep.java:55)
	at org.gradle.internal.execution.steps.AbstractCaptureStateBeforeExecutionStep.execute(AbstractCaptureStateBeforeExecutionStep.java:64)
	at org.gradle.internal.execution.steps.AbstractCaptureStateBeforeExecutionStep.execute(AbstractCaptureStateBeforeExecutionStep.java:43)
	at org.gradle.internal.execution.steps.AbstractSkipEmptyWorkStep.executeWithNonEmptySources(AbstractSkipEmptyWorkStep.java:125)
	at org.gradle.internal.execution.steps.AbstractSkipEmptyWorkStep.execute(AbstractSkipEmptyWorkStep.java:61)
	at org.gradle.internal.execution.steps.AbstractSkipEmptyWorkStep.execute(AbstractSkipEmptyWorkStep.java:36)
	at org.gradle.internal.execution.steps.legacy.MarkSnapshottingInputsStartedStep.execute(MarkSnapshottingInputsStartedStep.java:38)
	at org.gradle.internal.execution.steps.LoadPreviousExecutionStateStep.execute(LoadPreviousExecutionStateStep.java:36)
	at org.gradle.internal.execution.steps.LoadPreviousExecutionStateStep.execute(LoadPreviousExecutionStateStep.java:23)
	at org.gradle.internal.execution.steps.HandleStaleOutputsStep.execute(HandleStaleOutputsStep.java:75)
	at org.gradle.internal.execution.steps.HandleStaleOutputsStep.execute(HandleStaleOutputsStep.java:41)
	at org.gradle.internal.execution.steps.AssignMutableWorkspaceStep.lambda$execute$0(AssignMutableWorkspaceStep.java:35)
	at org.gradle.api.internal.tasks.execution.TaskExecution$4.withWorkspace(TaskExecution.java:289)
	at org.gradle.internal.execution.steps.AssignMutableWorkspaceStep.execute(AssignMutableWorkspaceStep.java:31)
	at org.gradle.internal.execution.steps.AssignMutableWorkspaceStep.execute(AssignMutableWorkspaceStep.java:22)
	at org.gradle.internal.execution.steps.ChoosePipelineStep.execute(ChoosePipelineStep.java:40)
	at org.gradle.internal.execution.steps.ChoosePipelineStep.execute(ChoosePipelineStep.java:23)
	at org.gradle.internal.execution.steps.ExecuteWorkBuildOperationFiringStep.lambda$execute$2(ExecuteWorkBuildOperationFiringStep.java:67)
	at java.base/java.util.Optional.orElseGet(Optional.java:364)
	at org.gradle.internal.execution.steps.ExecuteWorkBuildOperationFiringStep.execute(ExecuteWorkBuildOperationFiringStep.java:67)
	at org.gradle.internal.execution.steps.ExecuteWorkBuildOperationFiringStep.execute(ExecuteWorkBuildOperationFiringStep.java:39)
	at org.gradle.internal.execution.steps.IdentityCacheStep.execute(IdentityCacheStep.java:46)
	at org.gradle.internal.execution.steps.IdentityCacheStep.execute(IdentityCacheStep.java:34)
	at org.gradle.internal.execution.steps.IdentifyStep.execute(IdentifyStep.java:48)
	at org.gradle.internal.execution.steps.IdentifyStep.execute(IdentifyStep.java:35)
	at org.gradle.internal.execution.impl.DefaultExecutionEngine$1.execute(DefaultExecutionEngine.java:61)
	at org.gradle.api.internal.tasks.execution.ExecuteActionsTaskExecuter.executeIfValid(ExecuteActionsTaskExecuter.java:127)
	at org.gradle.api.internal.tasks.execution.ExecuteActionsTaskExecuter.execute(ExecuteActionsTaskExecuter.java:116)
	at org.gradle.api.internal.tasks.execution.FinalizePropertiesTaskExecuter.execute(FinalizePropertiesTaskExecuter.java:46)
	at org.gradle.api.internal.tasks.execution.ResolveTaskExecutionModeExecuter.execute(ResolveTaskExecutionModeExecuter.java:51)
	at org.gradle.api.internal.tasks.execution.SkipTaskWithNoActionsExecuter.execute(SkipTaskWithNoActionsExecuter.java:57)
	at org.gradle.api.internal.tasks.execution.SkipOnlyIfTaskExecuter.execute(SkipOnlyIfTaskExecuter.java:74)
	at org.gradle.api.internal.tasks.execution.CatchExceptionTaskExecuter.execute(CatchExceptionTaskExecuter.java:36)
	at org.gradle.api.internal.tasks.execution.EventFiringTaskExecuter$1.executeTask(EventFiringTaskExecuter.java:77)
	at org.gradle.api.internal.tasks.execution.EventFiringTaskExecuter$1.call(EventFiringTaskExecuter.java:55)
	at org.gradle.api.internal.tasks.execution.EventFiringTaskExecuter$1.call(EventFiringTaskExecuter.java:52)
	at org.gradle.internal.operations.DefaultBuildOperationRunner$CallableBuildOperationWorker.execute(DefaultBuildOperationRunner.java:200)
	at org.gradle.internal.operations.DefaultBuildOperationRunner$CallableBuildOperationWorker.execute(DefaultBuildOperationRunner.java:195)
	at org.gradle.internal.operations.DefaultBuildOperationRunner$2.execute(DefaultBuildOperationRunner.java:66)
	at org.gradle.internal.operations.DefaultBuildOperationRunner$2.execute(DefaultBuildOperationRunner.java:59)
	at org.gradle.internal.operations.DefaultBuildOperationRunner.execute(DefaultBuildOperationRunner.java:157)
	at org.gradle.internal.operations.DefaultBuildOperationRunner.execute(DefaultBuildOperationRunner.java:59)
	at org.gradle.internal.operations.DefaultBuildOperationRunner.call(DefaultBuildOperationRunner.java:53)
	at org.gradle.internal.operations.DefaultBuildOperationExecutor.call(DefaultBuildOperationExecutor.java:73)
	at org.gradle.api.internal.tasks.execution.EventFiringTaskExecuter.execute(EventFiringTaskExecuter.java:52)
	at org.gradle.execution.plan.LocalTaskNodeExecutor.execute(LocalTaskNodeExecutor.java:42)
	at org.gradle.execution.taskgraph.DefaultTaskExecutionGraph$InvokeNodeExecutorsAction.execute(DefaultTaskExecutionGraph.java:331)
	at org.gradle.execution.taskgraph.DefaultTaskExecutionGraph$InvokeNodeExecutorsAction.execute(DefaultTaskExecutionGraph.java:318)
	at org.gradle.execution.taskgraph.DefaultTaskExecutionGraph$BuildOperationAwareExecutionAction.lambda$execute$0(DefaultTaskExecutionGraph.java:314)
	at org.gradle.internal.operations.CurrentBuildOperationRef.with(CurrentBuildOperationRef.java:80)
	at org.gradle.execution.taskgraph.DefaultTaskExecutionGraph$BuildOperationAwareExecutionAction.execute(DefaultTaskExecutionGraph.java:314)
	at org.gradle.execution.taskgraph.DefaultTaskExecutionGraph$BuildOperationAwareExecutionAction.execute(DefaultTaskExecutionGraph.java:303)
	at org.gradle.execution.plan.DefaultPlanExecutor$ExecutorWorker.execute(DefaultPlanExecutor.java:463)
	at org.gradle.execution.plan.DefaultPlanExecutor$ExecutorWorker.run(DefaultPlanExecutor.java:380)
	at org.gradle.internal.concurrent.ExecutorPolicy$CatchAndRecordFailures.onExecute(ExecutorPolicy.java:64)
	at org.gradle.internal.concurrent.AbstractManagedExecutor$1.run(AbstractManagedExecutor.java:47)
	at java.base/java.util.concurrent.ThreadPoolExecutor.runWorker(ThreadPoolExecutor.java:1136)
	at java.base/java.util.concurrent.ThreadPoolExecutor$Worker.run(ThreadPoolExecutor.java:635)
	at java.base/java.lang.Thread.run(Thread.java:840)
Caused by: org.jetbrains.kotlin.gradle.tasks.CompilationErrorException: Compilation error. See log for more details
	at org.jetbrains.kotlin.gradle.tasks.TasksUtilsKt.throwExceptionIfCompilationFailed(tasksUtils.kt:20)
	at org.jetbrains.kotlin.compilerRunner.GradleKotlinCompilerWork.run(GradleKotlinCompilerWork.kt:141)
	at org.jetbrains.kotlin.compilerRunner.GradleCompilerRunnerWithWorkers$GradleKotlinCompilerWorkAction.execute(GradleCompilerRunnerWithWorkers.kt:73)
	at org.gradle.workers.internal.DefaultWorkerServer.execute(DefaultWorkerServer.java:63)
	at org.gradle.workers.internal.NoIsolationWorkerFactory$1$1.create(NoIsolationWorkerFactory.java:66)
	at org.gradle.workers.internal.NoIsolationWorkerFactory$1$1.create(NoIsolationWorkerFactory.java:62)
	at org.gradle.internal.classloader.ClassLoaderUtils.executeInClassloader(ClassLoaderUtils.java:100)
	at org.gradle.workers.internal.NoIsolationWorkerFactory$1.lambda$execute$0(NoIsolationWorkerFactory.java:62)
	at org.gradle.workers.internal.AbstractWorker$1.call(AbstractWorker.java:44)
	at org.gradle.workers.internal.AbstractWorker$1.call(AbstractWorker.java:41)
	at org.gradle.internal.operations.DefaultBuildOperationRunner$CallableBuildOperationWorker.execute(DefaultBuildOperationRunner.java:200)
	at org.gradle.internal.operations.DefaultBuildOperationRunner$CallableBuildOperationWorker.execute(DefaultBuildOperationRunner.java:195)
	at org.gradle.internal.operations.DefaultBuildOperationRunner$2.execute(DefaultBuildOperationRunner.java:66)
	at org.gradle.internal.operations.DefaultBuildOperationRunner$2.execute(DefaultBuildOperationRunner.java:59)
	at org.gradle.internal.operations.DefaultBuildOperationRunner.execute(DefaultBuildOperationRunner.java:157)
	at org.gradle.internal.operations.DefaultBuildOperationRunner.execute(DefaultBuildOperationRunner.java:59)
	at org.gradle.internal.operations.DefaultBuildOperationRunner.call(DefaultBuildOperationRunner.java:53)
	at org.gradle.internal.operations.DefaultBuildOperationExecutor.call(DefaultBuildOperationExecutor.java:73)
	at org.gradle.workers.internal.AbstractWorker.executeWrappedInBuildOperation(AbstractWorker.java:41)
	at org.gradle.workers.internal.NoIsolationWorkerFactory$1.execute(NoIsolationWorkerFactory.java:59)
	at org.gradle.workers.internal.DefaultWorkerExecutor.lambda$submitWork$0(DefaultWorkerExecutor.java:174)
	at java.base/java.util.concurrent.FutureTask.run(FutureTask.java:264)
	at org.gradle.internal.work.DefaultConditionalExecutionQueue$ExecutionRunner.runExecution(DefaultConditionalExecutionQueue.java:187)
	at org.gradle.internal.work.DefaultConditionalExecutionQueue$ExecutionRunner.access$700(DefaultConditionalExecutionQueue.java:120)
	at org.gradle.internal.work.DefaultConditionalExecutionQueue$ExecutionRunner$1.run(DefaultConditionalExecutionQueue.java:162)
	at org.gradle.internal.Factories$1.create(Factories.java:31)
	at org.gradle.internal.work.DefaultWorkerLeaseService.withLocks(DefaultWorkerLeaseService.java:264)
	at org.gradle.internal.work.DefaultWorkerLeaseService.runAsWorkerThread(DefaultWorkerLeaseService.java:128)
	at org.gradle.internal.work.DefaultWorkerLeaseService.runAsWorkerThread(DefaultWorkerLeaseService.java:133)
	at org.gradle.internal.work.DefaultConditionalExecutionQueue$ExecutionRunner.runBatch(DefaultConditionalExecutionQueue.java:157)
	at org.gradle.internal.work.DefaultConditionalExecutionQueue$ExecutionRunner.run(DefaultConditionalExecutionQueue.java:126)
	at java.base/java.util.concurrent.Executors$RunnableAdapter.call(Executors.java:539)
	at java.base/java.util.concurrent.FutureTask.run(FutureTask.java:264)
	... 5 more

==============================================================================

4: Task failed with an exception.
-----------
* What went wrong:
Execution failed for task ':react-native-screens:compileDebugKotlin'.
> A failure occurred while executing org.jetbrains.kotlin.compilerRunner.GradleCompilerRunnerWithWorkers$GradleKotlinCompilerWorkAction
   > Compilation error. See log for more details

* Try:
> Run with --info or --debug option to get more log output.
> Run with --scan to get full insights.
> Get more help at https://help.gradle.org.

* Exception is:
org.gradle.api.tasks.TaskExecutionException: Execution failed for task ':react-native-screens:compileDebugKotlin'.
	at org.gradle.api.internal.tasks.execution.ExecuteActionsTaskExecuter.lambda$executeIfValid$1(ExecuteActionsTaskExecuter.java:130)
	at org.gradle.internal.Try$Failure.ifSuccessfulOrElse(Try.java:282)
	at org.gradle.api.internal.tasks.execution.ExecuteActionsTaskExecuter.executeIfValid(ExecuteActionsTaskExecuter.java:128)
	at org.gradle.api.internal.tasks.execution.ExecuteActionsTaskExecuter.execute(ExecuteActionsTaskExecuter.java:116)
	at org.gradle.api.internal.tasks.execution.FinalizePropertiesTaskExecuter.execute(FinalizePropertiesTaskExecuter.java:46)
	at org.gradle.api.internal.tasks.execution.ResolveTaskExecutionModeExecuter.execute(ResolveTaskExecutionModeExecuter.java:51)
	at org.gradle.api.internal.tasks.execution.SkipTaskWithNoActionsExecuter.execute(SkipTaskWithNoActionsExecuter.java:57)
	at org.gradle.api.internal.tasks.execution.SkipOnlyIfTaskExecuter.execute(SkipOnlyIfTaskExecuter.java:74)
	at org.gradle.api.internal.tasks.execution.CatchExceptionTaskExecuter.execute(CatchExceptionTaskExecuter.java:36)
	at org.gradle.api.internal.tasks.execution.EventFiringTaskExecuter$1.executeTask(EventFiringTaskExecuter.java:77)
	at org.gradle.api.internal.tasks.execution.EventFiringTaskExecuter$1.call(EventFiringTaskExecuter.java:55)
	at org.gradle.api.internal.tasks.execution.EventFiringTaskExecuter$1.call(EventFiringTaskExecuter.java:52)
	at org.gradle.internal.operations.DefaultBuildOperationRunner$CallableBuildOperationWorker.execute(DefaultBuildOperationRunner.java:200)
	at org.gradle.internal.operations.DefaultBuildOperationRunner$CallableBuildOperationWorker.execute(DefaultBuildOperationRunner.java:195)
	at org.gradle.internal.operations.DefaultBuildOperationRunner$2.execute(DefaultBuildOperationRunner.java:66)
	at org.gradle.internal.operations.DefaultBuildOperationRunner$2.execute(DefaultBuildOperationRunner.java:59)
	at org.gradle.internal.operations.DefaultBuildOperationRunner.execute(DefaultBuildOperationRunner.java:157)
	at org.gradle.internal.operations.DefaultBuildOperationRunner.execute(DefaultBuildOperationRunner.java:59)
	at org.gradle.internal.operations.DefaultBuildOperationRunner.call(DefaultBuildOperationRunner.java:53)
	at org.gradle.internal.operations.DefaultBuildOperationExecutor.call(DefaultBuildOperationExecutor.java:73)
	at org.gradle.api.internal.tasks.execution.EventFiringTaskExecuter.execute(EventFiringTaskExecuter.java:52)
	at org.gradle.execution.plan.LocalTaskNodeExecutor.execute(LocalTaskNodeExecutor.java:42)
	at org.gradle.execution.taskgraph.DefaultTaskExecutionGraph$InvokeNodeExecutorsAction.execute(DefaultTaskExecutionGraph.java:331)
	at org.gradle.execution.taskgraph.DefaultTaskExecutionGraph$InvokeNodeExecutorsAction.execute(DefaultTaskExecutionGraph.java:318)
	at org.gradle.execution.taskgraph.DefaultTaskExecutionGraph$BuildOperationAwareExecutionAction.lambda$execute$0(DefaultTaskExecutionGraph.java:314)
	at org.gradle.internal.operations.CurrentBuildOperationRef.with(CurrentBuildOperationRef.java:80)
	at org.gradle.execution.taskgraph.DefaultTaskExecutionGraph$BuildOperationAwareExecutionAction.execute(DefaultTaskExecutionGraph.java:314)
	at org.gradle.execution.taskgraph.DefaultTaskExecutionGraph$BuildOperationAwareExecutionAction.execute(DefaultTaskExecutionGraph.java:303)
	at org.gradle.execution.plan.DefaultPlanExecutor$ExecutorWorker.execute(DefaultPlanExecutor.java:463)
	at org.gradle.execution.plan.DefaultPlanExecutor$ExecutorWorker.run(DefaultPlanExecutor.java:380)
	at org.gradle.internal.concurrent.ExecutorPolicy$CatchAndRecordFailures.onExecute(ExecutorPolicy.java:64)
	at org.gradle.internal.concurrent.AbstractManagedExecutor$1.run(AbstractManagedExecutor.java:47)
	at java.base/java.util.concurrent.ThreadPoolExecutor.runWorker(ThreadPoolExecutor.java:1136)
	at java.base/java.util.concurrent.ThreadPoolExecutor$Worker.run(ThreadPoolExecutor.java:635)
	at java.base/java.lang.Thread.run(Thread.java:840)
Caused by: org.gradle.workers.internal.DefaultWorkerExecutor$WorkExecutionException: A failure occurred while executing org.jetbrains.kotlin.compilerRunner.GradleCompilerRunnerWithWorkers$GradleKotlinCompilerWorkAction
	at org.gradle.workers.internal.DefaultWorkerExecutor$WorkItemExecution.waitForCompletion(DefaultWorkerExecutor.java:287)
	at org.gradle.internal.work.DefaultAsyncWorkTracker.lambda$waitForItemsAndGatherFailures$2(DefaultAsyncWorkTracker.java:130)
	at org.gradle.internal.Factories$1.create(Factories.java:31)
	at org.gradle.internal.work.DefaultWorkerLeaseService.withoutLocks(DefaultWorkerLeaseService.java:336)
	at org.gradle.internal.work.DefaultWorkerLeaseService.withoutLocks(DefaultWorkerLeaseService.java:319)
	at org.gradle.internal.work.DefaultWorkerLeaseService.withoutLock(DefaultWorkerLeaseService.java:324)
	at org.gradle.internal.work.DefaultAsyncWorkTracker.waitForItemsAndGatherFailures(DefaultAsyncWorkTracker.java:126)
	at org.gradle.internal.work.DefaultAsyncWorkTracker.waitForItemsAndGatherFailures(DefaultAsyncWorkTracker.java:92)
	at org.gradle.internal.work.DefaultAsyncWorkTracker.waitForAll(DefaultAsyncWorkTracker.java:78)
	at org.gradle.internal.work.DefaultAsyncWorkTracker.waitForCompletion(DefaultAsyncWorkTracker.java:66)
	at org.gradle.api.internal.tasks.execution.TaskExecution$3.run(TaskExecution.java:252)
	at org.gradle.internal.operations.DefaultBuildOperationRunner$1.execute(DefaultBuildOperationRunner.java:29)
	at org.gradle.internal.operations.DefaultBuildOperationRunner$1.execute(DefaultBuildOperationRunner.java:26)
	at org.gradle.internal.operations.DefaultBuildOperationRunner$2.execute(DefaultBuildOperationRunner.java:66)
	at org.gradle.internal.operations.DefaultBuildOperationRunner$2.execute(DefaultBuildOperationRunner.java:59)
	at org.gradle.internal.operations.DefaultBuildOperationRunner.execute(DefaultBuildOperationRunner.java:157)
	at org.gradle.internal.operations.DefaultBuildOperationRunner.execute(DefaultBuildOperationRunner.java:59)
	at org.gradle.internal.operations.DefaultBuildOperationRunner.run(DefaultBuildOperationRunner.java:47)
	at org.gradle.internal.operations.DefaultBuildOperationExecutor.run(DefaultBuildOperationExecutor.java:68)
	at org.gradle.api.internal.tasks.execution.TaskExecution.executeAction(TaskExecution.java:229)
	at org.gradle.api.internal.tasks.execution.TaskExecution.executeActions(TaskExecution.java:212)
	at org.gradle.api.internal.tasks.execution.TaskExecution.executeWithPreviousOutputFiles(TaskExecution.java:195)
	at org.gradle.api.internal.tasks.execution.TaskExecution.execute(TaskExecution.java:162)
	at org.gradle.internal.execution.steps.ExecuteStep.executeInternal(ExecuteStep.java:105)
	at org.gradle.internal.execution.steps.ExecuteStep.access$000(ExecuteStep.java:44)
	at org.gradle.internal.execution.steps.ExecuteStep$1.call(ExecuteStep.java:59)
	at org.gradle.internal.execution.steps.ExecuteStep$1.call(ExecuteStep.java:56)
	at org.gradle.internal.operations.DefaultBuildOperationRunner$CallableBuildOperationWorker.execute(DefaultBuildOperationRunner.java:200)
	at org.gradle.internal.operations.DefaultBuildOperationRunner$CallableBuildOperationWorker.execute(DefaultBuildOperationRunner.java:195)
	at org.gradle.internal.operations.DefaultBuildOperationRunner$2.execute(DefaultBuildOperationRunner.java:66)
	at org.gradle.internal.operations.DefaultBuildOperationRunner$2.execute(DefaultBuildOperationRunner.java:59)
	at org.gradle.internal.operations.DefaultBuildOperationRunner.execute(DefaultBuildOperationRunner.java:157)
	at org.gradle.internal.operations.DefaultBuildOperationRunner.execute(DefaultBuildOperationRunner.java:59)
	at org.gradle.internal.operations.DefaultBuildOperationRunner.call(DefaultBuildOperationRunner.java:53)
	at org.gradle.internal.operations.DefaultBuildOperationExecutor.call(DefaultBuildOperationExecutor.java:73)
	at org.gradle.internal.execution.steps.ExecuteStep.execute(ExecuteStep.java:56)
	at org.gradle.internal.execution.steps.ExecuteStep.execute(ExecuteStep.java:44)
	at org.gradle.internal.execution.steps.CancelExecutionStep.execute(CancelExecutionStep.java:41)
	at org.gradle.internal.execution.steps.TimeoutStep.executeWithoutTimeout(TimeoutStep.java:74)
	at org.gradle.internal.execution.steps.TimeoutStep.execute(TimeoutStep.java:55)
	at org.gradle.internal.execution.steps.PreCreateOutputParentsStep.execute(PreCreateOutputParentsStep.java:50)
	at org.gradle.internal.execution.steps.PreCreateOutputParentsStep.execute(PreCreateOutputParentsStep.java:28)
	at org.gradle.internal.execution.steps.RemovePreviousOutputsStep.execute(RemovePreviousOutputsStep.java:67)
	at org.gradle.internal.execution.steps.RemovePreviousOutputsStep.execute(RemovePreviousOutputsStep.java:37)
	at org.gradle.internal.execution.steps.BroadcastChangingOutputsStep.execute(BroadcastChangingOutputsStep.java:61)
	at org.gradle.internal.execution.steps.BroadcastChangingOutputsStep.execute(BroadcastChangingOutputsStep.java:26)
	at org.gradle.internal.execution.steps.CaptureOutputsAfterExecutionStep.execute(CaptureOutputsAfterExecutionStep.java:67)
	at org.gradle.internal.execution.steps.CaptureOutputsAfterExecutionStep.execute(CaptureOutputsAfterExecutionStep.java:45)
	at org.gradle.internal.execution.steps.ResolveInputChangesStep.execute(ResolveInputChangesStep.java:40)
	at org.gradle.internal.execution.steps.ResolveInputChangesStep.execute(ResolveInputChangesStep.java:29)
	at org.gradle.internal.execution.steps.BuildCacheStep.executeWithoutCache(BuildCacheStep.java:189)
	at org.gradle.internal.execution.steps.BuildCacheStep.lambda$execute$1(BuildCacheStep.java:75)
	at org.gradle.internal.Either$Right.fold(Either.java:175)
	at org.gradle.internal.execution.caching.CachingState.fold(CachingState.java:62)
	at org.gradle.internal.execution.steps.BuildCacheStep.execute(BuildCacheStep.java:73)
	at org.gradle.internal.execution.steps.BuildCacheStep.execute(BuildCacheStep.java:48)
	at org.gradle.internal.execution.steps.StoreExecutionStateStep.execute(StoreExecutionStateStep.java:46)
	at org.gradle.internal.execution.steps.StoreExecutionStateStep.execute(StoreExecutionStateStep.java:35)
	at org.gradle.internal.execution.steps.SkipUpToDateStep.executeBecause(SkipUpToDateStep.java:76)
	at org.gradle.internal.execution.steps.SkipUpToDateStep.lambda$execute$2(SkipUpToDateStep.java:54)
	at java.base/java.util.Optional.orElseGet(Optional.java:364)
	at org.gradle.internal.execution.steps.SkipUpToDateStep.execute(SkipUpToDateStep.java:54)
	at org.gradle.internal.execution.steps.SkipUpToDateStep.execute(SkipUpToDateStep.java:36)
	at org.gradle.internal.execution.steps.legacy.MarkSnapshottingInputsFinishedStep.execute(MarkSnapshottingInputsFinishedStep.java:37)
	at org.gradle.internal.execution.steps.legacy.MarkSnapshottingInputsFinishedStep.execute(MarkSnapshottingInputsFinishedStep.java:27)
	at org.gradle.internal.execution.steps.ResolveIncrementalCachingStateStep.executeDelegate(ResolveIncrementalCachingStateStep.java:49)
	at org.gradle.internal.execution.steps.ResolveIncrementalCachingStateStep.executeDelegate(ResolveIncrementalCachingStateStep.java:27)
	at org.gradle.internal.execution.steps.AbstractResolveCachingStateStep.execute(AbstractResolveCachingStateStep.java:71)
	at org.gradle.internal.execution.steps.AbstractResolveCachingStateStep.execute(AbstractResolveCachingStateStep.java:39)
	at org.gradle.internal.execution.steps.ResolveChangesStep.execute(ResolveChangesStep.java:65)
	at org.gradle.internal.execution.steps.ResolveChangesStep.execute(ResolveChangesStep.java:36)
	at org.gradle.internal.execution.steps.ValidateStep.execute(ValidateStep.java:106)
	at org.gradle.internal.execution.steps.ValidateStep.execute(ValidateStep.java:55)
	at org.gradle.internal.execution.steps.AbstractCaptureStateBeforeExecutionStep.execute(AbstractCaptureStateBeforeExecutionStep.java:64)
	at org.gradle.internal.execution.steps.AbstractCaptureStateBeforeExecutionStep.execute(AbstractCaptureStateBeforeExecutionStep.java:43)
	at org.gradle.internal.execution.steps.AbstractSkipEmptyWorkStep.executeWithNonEmptySources(AbstractSkipEmptyWorkStep.java:125)
	at org.gradle.internal.execution.steps.AbstractSkipEmptyWorkStep.execute(AbstractSkipEmptyWorkStep.java:61)
	at org.gradle.internal.execution.steps.AbstractSkipEmptyWorkStep.execute(AbstractSkipEmptyWorkStep.java:36)
	at org.gradle.internal.execution.steps.legacy.MarkSnapshottingInputsStartedStep.execute(MarkSnapshottingInputsStartedStep.java:38)
	at org.gradle.internal.execution.steps.LoadPreviousExecutionStateStep.execute(LoadPreviousExecutionStateStep.java:36)
	at org.gradle.internal.execution.steps.LoadPreviousExecutionStateStep.execute(LoadPreviousExecutionStateStep.java:23)
	at org.gradle.internal.execution.steps.HandleStaleOutputsStep.execute(HandleStaleOutputsStep.java:75)
	at org.gradle.internal.execution.steps.HandleStaleOutputsStep.execute(HandleStaleOutputsStep.java:41)
	at org.gradle.internal.execution.steps.AssignMutableWorkspaceStep.lambda$execute$0(AssignMutableWorkspaceStep.java:35)
	at org.gradle.api.internal.tasks.execution.TaskExecution$4.withWorkspace(TaskExecution.java:289)
	at org.gradle.internal.execution.steps.AssignMutableWorkspaceStep.execute(AssignMutableWorkspaceStep.java:31)
	at org.gradle.internal.execution.steps.AssignMutableWorkspaceStep.execute(AssignMutableWorkspaceStep.java:22)
	at org.gradle.internal.execution.steps.ChoosePipelineStep.execute(ChoosePipelineStep.java:40)
	at org.gradle.internal.execution.steps.ChoosePipelineStep.execute(ChoosePipelineStep.java:23)
	at org.gradle.internal.execution.steps.ExecuteWorkBuildOperationFiringStep.lambda$execute$2(ExecuteWorkBuildOperationFiringStep.java:67)
	at java.base/java.util.Optional.orElseGet(Optional.java:364)
	at org.gradle.internal.execution.steps.ExecuteWorkBuildOperationFiringStep.execute(ExecuteWorkBuildOperationFiringStep.java:67)
	at org.gradle.internal.execution.steps.ExecuteWorkBuildOperationFiringStep.execute(ExecuteWorkBuildOperationFiringStep.java:39)
	at org.gradle.internal.execution.steps.IdentityCacheStep.execute(IdentityCacheStep.java:46)
	at org.gradle.internal.execution.steps.IdentityCacheStep.execute(IdentityCacheStep.java:34)
	at org.gradle.internal.execution.steps.IdentifyStep.execute(IdentifyStep.java:48)
	at org.gradle.internal.execution.steps.IdentifyStep.execute(IdentifyStep.java:35)
	at org.gradle.internal.execution.impl.DefaultExecutionEngine$1.execute(DefaultExecutionEngine.java:61)
	at org.gradle.api.internal.tasks.execution.ExecuteActionsTaskExecuter.executeIfValid(ExecuteActionsTaskExecuter.java:127)
	at org.gradle.api.internal.tasks.execution.ExecuteActionsTaskExecuter.execute(ExecuteActionsTaskExecuter.java:116)
	at org.gradle.api.internal.tasks.execution.FinalizePropertiesTaskExecuter.execute(FinalizePropertiesTaskExecuter.java:46)
	at org.gradle.api.internal.tasks.execution.ResolveTaskExecutionModeExecuter.execute(ResolveTaskExecutionModeExecuter.java:51)
	at org.gradle.api.internal.tasks.execution.SkipTaskWithNoActionsExecuter.execute(SkipTaskWithNoActionsExecuter.java:57)
	at org.gradle.api.internal.tasks.execution.SkipOnlyIfTaskExecuter.execute(SkipOnlyIfTaskExecuter.java:74)
	at org.gradle.api.internal.tasks.execution.CatchExceptionTaskExecuter.execute(CatchExceptionTaskExecuter.java:36)
	at org.gradle.api.internal.tasks.execution.EventFiringTaskExecuter$1.executeTask(EventFiringTaskExecuter.java:77)
	at org.gradle.api.internal.tasks.execution.EventFiringTaskExecuter$1.call(EventFiringTaskExecuter.java:55)
	at org.gradle.api.internal.tasks.execution.EventFiringTaskExecuter$1.call(EventFiringTaskExecuter.java:52)
	at org.gradle.internal.operations.DefaultBuildOperationRunner$CallableBuildOperationWorker.execute(DefaultBuildOperationRunner.java:200)
	at org.gradle.internal.operations.DefaultBuildOperationRunner$CallableBuildOperationWorker.execute(DefaultBuildOperationRunner.java:195)
	at org.gradle.internal.operations.DefaultBuildOperationRunner$2.execute(DefaultBuildOperationRunner.java:66)
	at org.gradle.internal.operations.DefaultBuildOperationRunner$2.execute(DefaultBuildOperationRunner.java:59)
	at org.gradle.internal.operations.DefaultBuildOperationRunner.execute(DefaultBuildOperationRunner.java:157)
	at org.gradle.internal.operations.DefaultBuildOperationRunner.execute(DefaultBuildOperationRunner.java:59)
	at org.gradle.internal.operations.DefaultBuildOperationRunner.call(DefaultBuildOperationRunner.java:53)
	at org.gradle.internal.operations.DefaultBuildOperationExecutor.call(DefaultBuildOperationExecutor.java:73)
	at org.gradle.api.internal.tasks.execution.EventFiringTaskExecuter.execute(EventFiringTaskExecuter.java:52)
	at org.gradle.execution.plan.LocalTaskNodeExecutor.execute(LocalTaskNodeExecutor.java:42)
	at org.gradle.execution.taskgraph.DefaultTaskExecutionGraph$InvokeNodeExecutorsAction.execute(DefaultTaskExecutionGraph.java:331)
	at org.gradle.execution.taskgraph.DefaultTaskExecutionGraph$InvokeNodeExecutorsAction.execute(DefaultTaskExecutionGraph.java:318)
	at org.gradle.execution.taskgraph.DefaultTaskExecutionGraph$BuildOperationAwareExecutionAction.lambda$execute$0(DefaultTaskExecutionGraph.java:314)
	at org.gradle.internal.operations.CurrentBuildOperationRef.with(CurrentBuildOperationRef.java:80)
	at org.gradle.execution.taskgraph.DefaultTaskExecutionGraph$BuildOperationAwareExecutionAction.execute(DefaultTaskExecutionGraph.java:314)
	at org.gradle.execution.taskgraph.DefaultTaskExecutionGraph$BuildOperationAwareExecutionAction.execute(DefaultTaskExecutionGraph.java:303)
	at org.gradle.execution.plan.DefaultPlanExecutor$ExecutorWorker.execute(DefaultPlanExecutor.java:463)
	at org.gradle.execution.plan.DefaultPlanExecutor$ExecutorWorker.run(DefaultPlanExecutor.java:380)
	at org.gradle.internal.concurrent.ExecutorPolicy$CatchAndRecordFailures.onExecute(ExecutorPolicy.java:64)
	at org.gradle.internal.concurrent.AbstractManagedExecutor$1.run(AbstractManagedExecutor.java:47)
	at java.base/java.util.concurrent.ThreadPoolExecutor.runWorker(ThreadPoolExecutor.java:1136)
	at java.base/java.util.concurrent.ThreadPoolExecutor$Worker.run(ThreadPoolExecutor.java:635)
	at java.base/java.lang.Thread.run(Thread.java:840)
Caused by: org.jetbrains.kotlin.gradle.tasks.CompilationErrorException: Compilation error. See log for more details
	at org.jetbrains.kotlin.gradle.tasks.TasksUtilsKt.throwExceptionIfCompilationFailed(tasksUtils.kt:20)
	at org.jetbrains.kotlin.compilerRunner.GradleKotlinCompilerWork.run(GradleKotlinCompilerWork.kt:141)
	at org.jetbrains.kotlin.compilerRunner.GradleCompilerRunnerWithWorkers$GradleKotlinCompilerWorkAction.execute(GradleCompilerRunnerWithWorkers.kt:73)
	at org.gradle.workers.internal.DefaultWorkerServer.execute(DefaultWorkerServer.java:63)
	at org.gradle.workers.internal.NoIsolationWorkerFactory$1$1.create(NoIsolationWorkerFactory.java:66)
	at org.gradle.workers.internal.NoIsolationWorkerFactory$1$1.create(NoIsolationWorkerFactory.java:62)
	at org.gradle.internal.classloader.ClassLoaderUtils.executeInClassloader(ClassLoaderUtils.java:100)
	at org.gradle.workers.internal.NoIsolationWorkerFactory$1.lambda$execute$0(NoIsolationWorkerFactory.java:62)
	at org.gradle.workers.internal.AbstractWorker$1.call(AbstractWorker.java:44)
	at org.gradle.workers.internal.AbstractWorker$1.call(AbstractWorker.java:41)
	at org.gradle.internal.operations.DefaultBuildOperationRunner$CallableBuildOperationWorker.execute(DefaultBuildOperationRunner.java:200)
	at org.gradle.internal.operations.DefaultBuildOperationRunner$CallableBuildOperationWorker.execute(DefaultBuildOperationRunner.java:195)
	at org.gradle.internal.operations.DefaultBuildOperationRunner$2.execute(DefaultBuildOperationRunner.java:66)
	at org.gradle.internal.operations.DefaultBuildOperationRunner$2.execute(DefaultBuildOperationRunner.java:59)
	at org.gradle.internal.operations.DefaultBuildOperationRunner.execute(DefaultBuildOperationRunner.java:157)
	at org.gradle.internal.operations.DefaultBuildOperationRunner.execute(DefaultBuildOperationRunner.java:59)
	at org.gradle.internal.operations.DefaultBuildOperationRunner.call(DefaultBuildOperationRunner.java:53)
	at org.gradle.internal.operations.DefaultBuildOperationExecutor.call(DefaultBuildOperationExecutor.java:73)
	at org.gradle.workers.internal.AbstractWorker.executeWrappedInBuildOperation(AbstractWorker.java:41)
	at org.gradle.workers.internal.NoIsolationWorkerFactory$1.execute(NoIsolationWorkerFactory.java:59)
	at org.gradle.workers.internal.DefaultWorkerExecutor.lambda$submitWork$0(DefaultWorkerExecutor.java:174)
	at java.base/java.util.concurrent.FutureTask.run(FutureTask.java:264)
	at org.gradle.internal.work.DefaultConditionalExecutionQueue$ExecutionRunner.runExecution(DefaultConditionalExecutionQueue.java:187)
	at org.gradle.internal.work.DefaultConditionalExecutionQueue$ExecutionRunner.access$700(DefaultConditionalExecutionQueue.java:120)
	at org.gradle.internal.work.DefaultConditionalExecutionQueue$ExecutionRunner$1.run(DefaultConditionalExecutionQueue.java:162)
	at org.gradle.internal.Factories$1.create(Factories.java:31)
	at org.gradle.internal.work.DefaultWorkerLeaseService.withLocks(DefaultWorkerLeaseService.java:264)
	at org.gradle.internal.work.DefaultWorkerLeaseService.runAsWorkerThread(DefaultWorkerLeaseService.java:128)
	at org.gradle.internal.work.DefaultWorkerLeaseService.runAsWorkerThread(DefaultWorkerLeaseService.java:133)
	at org.gradle.internal.work.DefaultConditionalExecutionQueue$ExecutionRunner.runBatch(DefaultConditionalExecutionQueue.java:157)
	at org.gradle.internal.work.DefaultConditionalExecutionQueue$ExecutionRunner.run(DefaultConditionalExecutionQueue.java:126)
	at java.base/java.util.concurrent.Executors$RunnableAdapter.call(Executors.java:539)
	at java.base/java.util.concurrent.FutureTask.run(FutureTask.java:264)
	... 5 more

==============================================================================

BUILD FAILED in 22s

Deprecated Gradle features were used in this build, making it incompatible with Gradle 9.0.

You can use '--warning-mode all' to show the individual deprecation warnings and determine if they come from your own scripts or plugins.

For more on this, please refer to https://docs.gradle.org/8.7/userguide/command_line_interface.html#sec:command_line_warnings in the Gradle documentation.
99 actionable tasks: 11 executed, 88 up-to-date
